ZINC_ID,Binding Affinity (kcal/mol)
ZINC000000000023,-6.8
ZINC000000000023,-6.9
ZINC000000000023,-6.9
ZINC000000000023,-6.9
ZINC000000000023,-6.8
ZINC000000000038,-6.7
ZINC000000000038,-6.8
ZINC000000000038,-6.7
ZINC000000000038,-7.1
ZINC000000000038,-5.8
ZINC000000000038,-6.8
ZINC000000000053,-6.9
ZINC000000000053,-6.9
ZINC000000000061,-7.2
ZINC000000000061,-7.2
ZINC000000000061,-7.2
ZINC000000000083,-4.7
ZINC000000000083,-4.8
ZINC000000000083,-4.8
ZINC000000000095,-7.7
ZINC000000000095,-7.7
ZINC000000000095,-7.7
ZINC000000000095,-7.7
ZINC000000000096,-7.7
ZINC000000000096,-7.6
ZINC000000000096,-6.8
ZINC000000000096,-6.7
ZINC000000000106,-6.8
ZINC000000000106,-6.9
ZINC000000000106,-6.9
ZINC000000000106,-6.8
ZINC000000000106,-6.9
ZINC000000000106,-6.9
ZINC000000000106,-6.9
ZINC000000000122,-6.7
ZINC000000000122,-7.3
ZINC000000000122,-7.4
ZINC000000000122,-7.3
ZINC000000000122,-7.3
ZINC000000000122,-7.1
ZINC000000000122,-7.3
ZINC000000000128,-8.0
ZINC000000000128,-7.9
ZINC000000000128,-7.9
ZINC000000000128,-7.9
ZINC000000000133,-6.6
ZINC000000000133,-6.5
ZINC000000000135,-6.4
ZINC000000000135,-6.4
ZINC000000000135,-6.5
ZINC000000000135,-6.5
ZINC000000000188,-7.4
ZINC000000000188,-7.5
ZINC000000000188,-7.2
ZINC000000000188,-7.2
ZINC000000000188,-6.8
ZINC000000000189,-8.3
ZINC000000000189,-8.3
ZINC000000000189,-8.2
ZINC000000000189,-8.3
ZINC000000000189,-8.0
ZINC000000000196,-7.0
ZINC000000000196,-7.0
ZINC000000000196,-7.0
ZINC000000000196,-6.6
ZINC000000000196,-6.9
ZINC000000000196,-6.9
ZINC000000000196,-6.9
ZINC000000000196,-6.9
ZINC000000000196,-7.0
ZINC000000000196,-6.9
ZINC000000000196,-7.0
ZINC000000000196,-7.0
ZINC000000000196,-6.9
ZINC000000000196,-6.9
ZINC000000000196,-6.8
ZINC000000000199,-7.1
ZINC000000000199,-7.1
ZINC000000000199,-7.1
ZINC000000000199,-7.0
ZINC000000000199,-7.3
ZINC000000000199,-7.1
ZINC000000000215,-6.5
ZINC000000000215,-6.9
ZINC000000000215,-6.9
ZINC000000000215,
ZINC000000000242,-6.9
ZINC000000000242,-6.9
ZINC000000000242,-6.9
ZINC000000000242,-6.7
ZINC000000000242,-6.9
ZINC000000000242,-6.9
ZINC000000000242,-6.6
ZINC000000000250,-8.3
ZINC000000000250,-8.2
ZINC000000000250,-8.2
ZINC000000000250,-7.7
ZINC000000000250,-8.0
ZINC000000000250,-7.7
ZINC000000000257,-7.1
ZINC000000000257,-7.0
ZINC000000000257,-7.2
ZINC000000000257,-7.1
ZINC000000000257,-6.8
ZINC000000000257,-6.9
ZINC000000000257,-6.8
ZINC000000000257,-7.0
ZINC000000000257,-7.0
ZINC000000000257,-7.2
ZINC000000000257,-7.0
ZINC000000000257,-7.0
ZINC000000000267,-4.6
ZINC000000000268,-6.3
ZINC000000000268,-6.7
ZINC000000000268,-6.6
ZINC000000000268,-6.5
ZINC000000000268,-6.7
ZINC000000000271,-7.1
ZINC000000000276,-6.3
ZINC000000000276,-6.2
ZINC000000000276,-7.0
ZINC000000000276,-6.2
ZINC000000000276,-7.2
ZINC000000000276,-6.4
ZINC000000000276,-7.0
ZINC000000000276,-6.1
ZINC000000000276,-6.8
ZINC000000000276,-7.0
ZINC000000000276,-6.2
ZINC000000000276,-7.2
ZINC000000000276,-6.5
ZINC000000000276,-7.2
ZINC000000000276,-6.2
ZINC000000000293,-8.7
ZINC000000000293,-8.8
ZINC000000000293,-8.6
ZINC000000000293,-8.7
ZINC000000000293,-8.8
ZINC000000000293,-8.8
ZINC000000000293,-8.8
ZINC000000000293,-8.8
ZINC000000000293,-8.8
ZINC000000000293,-8.7
ZINC000000000294,-7.6
ZINC000000000294,-7.6
ZINC000000000294,-7.6
ZINC000000000294,-7.6
ZINC000000000294,-7.6
ZINC000000000294,-7.6
ZINC000000000301,-8.4
ZINC000000000301,-8.4
ZINC000000000301,-8.4
ZINC000000000301,-8.5
ZINC000000000301,-8.4
ZINC000000000323,-8.7
ZINC000000000323,-8.7
ZINC000000000346,-7.5
ZINC000000000346,-7.4
ZINC000000000346,-7.3
ZINC000000000346,-7.5
ZINC000000000346,-7.3
ZINC000000000347,-7.9
ZINC000000000347,-8.1
ZINC000000000347,-8.2
ZINC000000000347,-8.3
ZINC000000000347,-8.5
ZINC000000000347,-8.1
ZINC000000000347,-8.6
ZINC000000000347,-8.5
ZINC000000000353,-5.8
ZINC000000000353,-5.6
ZINC000000000363,-7.6
ZINC000000000363,-7.3
ZINC000000000363,-7.6
ZINC000000000363,-7.4
ZINC000000000363,-7.6
ZINC000000000363,-7.5
ZINC000000000365,-7.8
ZINC000000000365,-7.4
ZINC000000000365,-7.8
ZINC000000000365,-7.5
ZINC000000000365,-7.8
ZINC000000000365,-7.6
ZINC000000000365,-7.5
ZINC000000000368,-8.1
ZINC000000000368,-7.9
ZINC000000000368,-8.1
ZINC000000000368,-8.0
ZINC000000000368,-8.2
ZINC000000000368,-8.2
ZINC000000000368,-8.2
ZINC000000000368,-8.2
ZINC000000000373,-6.2
ZINC000000000373,-6.2
ZINC000000000399,-6.0
ZINC000000000399,-5.9
ZINC000000000399,-5.9
ZINC000000000399,-6.3
ZINC000000000399,-6.2
ZINC000000000399,-5.8
ZINC000000000401,-6.9
ZINC000000000401,-6.8
ZINC000000000401,-6.9
ZINC000000000401,-6.9
ZINC000000000401,-6.8
ZINC000000000401,-6.7
ZINC000000000401,-6.9
ZINC000000000401,-6.7
ZINC000000000404,-7.1
ZINC000000000404,-7.0
ZINC000000000404,-6.8
ZINC000000000404,-7.0
ZINC000000000407,-8.5
ZINC000000000407,-8.1
ZINC000000000407,-8.4
ZINC000000000407,-8.5
ZINC000000000407,-7.8
ZINC000000000407,-8.4
ZINC000000000407,-8.4
ZINC000000000407,-8.5
ZINC000000000407,-8.4
ZINC000000000407,-8.4
ZINC000000000407,-8.2
ZINC000000000407,-8.5
ZINC000000000407,-8.4
ZINC000000000407,-8.4
ZINC000000000407,-8.3
ZINC000000000407,-8.4
ZINC000000000416,-8.6
ZINC000000000416,-8.7
ZINC000000000416,-8.8
ZINC000000000416,-8.7
ZINC000000000416,-8.6
ZINC000000000416,-8.8
ZINC000000000416,-8.7
ZINC000000000416,-8.7
ZINC000000000416,-8.6
ZINC000000000416,-8.6
ZINC000000000416,-8.6
ZINC000000000416,-8.6
ZINC000000000416,-8.5
ZINC000000000416,-8.7
ZINC000000000416,-8.7
ZINC000000000431,-8.3
ZINC000000000431,-8.3
ZINC000000000431,-8.4
ZINC000000000431,-8.4
ZINC000000000432,-7.8
ZINC000000000432,-7.8
ZINC000000000432,-8.5
ZINC000000000432,-8.5
ZINC000000000435,-8.7
ZINC000000000435,-8.7
ZINC000000000435,-8.7
ZINC000000000440,-8.1
ZINC000000000449,-7.8
ZINC000000000449,-7.8
ZINC000000000449,-7.7
ZINC000000000449,-7.9
ZINC000000000449,-7.9
ZINC000000000449,-7.8
ZINC000000000449,-7.9
ZINC000000000450,-6.3
ZINC000000000450,-6.3
ZINC000000000450,-6.0
ZINC000000000456,-8.5
ZINC000000000456,-8.2
ZINC000000000456,-7.0
ZINC000000000456,-8.6
ZINC000000000456,-8.0
ZINC000000000456,-6.8
ZINC000000000456,-7.9
ZINC000000000456,-8.5
ZINC000000000456,-7.3
ZINC000000000469,-6.4
ZINC000000000469,-6.3
ZINC000000000469,-6.4
ZINC000000000471,-7.3
ZINC000000000471,-7.4
ZINC000000000471,-7.4
ZINC000000000480,-7.6
ZINC000000000480,-7.7
ZINC000000000490,-6.0
ZINC000000000490,-5.9
ZINC000000000491,-6.6
ZINC000000000491,-6.6
ZINC000000000491,-6.6
ZINC000000000494,-7.5
ZINC000000000494,-7.5
ZINC000000000494,-7.4
ZINC000000000494,-7.4
ZINC000000000494,-7.4
ZINC000000000494,-7.4
ZINC000000000494,-7.5
ZINC000000000494,-7.3
ZINC000000000504,-8.3
ZINC000000000504,-8.3
ZINC000000000504,-8.5
ZINC000000000504,-8.2
ZINC000000000506,-6.4
ZINC000000000506,-6.4
ZINC000000000507,-6.4
ZINC000000000507,-6.0
ZINC000000000507,-6.6
ZINC000000000507,-6.1
ZINC000000000509,-7.7
ZINC000000000509,-8.0
ZINC000000000509,-8.0
ZINC000000000565,-7.1
ZINC000000000565,-7.1
ZINC000000000565,-7.8
ZINC000000000565,-7.9
ZINC000000000565,-7.1
ZINC000000000565,-7.1
ZINC000000000570,-7.2
ZINC000000000570,-7.4
ZINC000000000570,-7.2
ZINC000000000570,-7.5
ZINC000000000570,-7.3
ZINC000000000570,-7.3
ZINC000000000570,-7.4
ZINC000000000575,-8.1
ZINC000000000575,-8.1
ZINC000000000596,-8.2
ZINC000000000596,-8.0
ZINC000000000596,-8.0
ZINC000000000607,-6.8
ZINC000000000607,-6.8
ZINC000000000607,-6.8
ZINC000000000607,-7.2
ZINC000000000607,-6.8
ZINC000000000607,-6.8
ZINC000000000607,-6.9
ZINC000000000609,-6.9
ZINC000000000609,-6.6
ZINC000000000633,-7.6
ZINC000000000633,-7.6
ZINC000000000633,-7.7
ZINC000000000633,-7.6
ZINC000000000633,-7.5
ZINC000000000637,-6.3
ZINC000000000637,-6.6
ZINC000000000641,-8.1
ZINC000000000652,-7.0
ZINC000000000652,-7.1
ZINC000000000652,-7.0
ZINC000000000652,-7.0
ZINC000000000652,-7.1
ZINC000000000652,-7.0
ZINC000000000652,-7.1
ZINC000000000655,-9.9
ZINC000000000655,-8.9
ZINC000000000655,-8.6
ZINC000000000655,-9.2
ZINC000000000655,-8.1
ZINC000000000669,-8.2
ZINC000000000669,-8.4
ZINC000000000669,-8.3
ZINC000000000669,-7.7
ZINC000000000669,-8.3
ZINC000000000677,-8.7
ZINC000000000677,-8.4
ZINC000000000677,-8.8
ZINC000000000677,-8.9
ZINC000000000677,-8.8
ZINC000000000677,-8.8
ZINC000000000677,-8.8
ZINC000000000677,-8.7
ZINC000000000677,-8.9
ZINC000000000677,-8.8
ZINC000000000677,-8.7
ZINC000000000677,-8.8
ZINC000000000677,-8.8
ZINC000000000677,-8.8
ZINC000000000677,-8.7
ZINC000000000677,-8.7
ZINC000000000677,-8.7
ZINC000000000677,-8.7
ZINC000000000686,-7.2
ZINC000000000686,-7.2
ZINC000000000686,-7.2
ZINC000000000688,-8.5
ZINC000000000688,-8.2
ZINC000000000688,-8.5
ZINC000000000688,-8.5
ZINC000000000688,-8.4
ZINC000000000693,-6.3
ZINC000000000693,-6.1
ZINC000000000693,-6.2
ZINC000000000711,-5.7
ZINC000000000711,-5.7
ZINC000000000711,-5.7
ZINC000000000711,-5.6
ZINC000000000724,-7.7
ZINC000000000724,-7.6
ZINC000000000724,-7.5
ZINC000000000724,-7.6
ZINC000000000740,-7.7
ZINC000000000740,-8.2
ZINC000000000746,-7.0
ZINC000000000746,-7.0
ZINC000000000746,-7.0
ZINC000000000747,-8.1
ZINC000000000747,-8.2
ZINC000000000751,-7.7
ZINC000000000751,-7.8
ZINC000000000751,-8.2
ZINC000000000751,-7.7
ZINC000000000751,-7.9
ZINC000000000751,-7.8
ZINC000000000751,-7.8
ZINC000000000751,-7.9
ZINC000000000767,-8.3
ZINC000000000767,-8.4
ZINC000000000767,-8.4
ZINC000000000767,-8.3
ZINC000000000786,-6.6
ZINC000000000786,-6.8
ZINC000000000797,-9.5
ZINC000000000797,-9.5
ZINC000000000797,-9.2
ZINC000000000797,-9.5
ZINC000000000797,-9.4
ZINC000000000797,-9.4
ZINC000000000797,-8.4
ZINC000000000808,-7.3
ZINC000000000808,-7.0
ZINC000000000833,-6.8
ZINC000000000833,-6.8
ZINC000000000833,-6.5
ZINC000000000843,-7.0
ZINC000000000843,-7.3
ZINC000000000843,-6.6
ZINC000000000843,-7.1
ZINC000000000843,-7.2
ZINC000000000843,-7.2
ZINC000000000843,-7.2
ZINC000000000843,-7.1
ZINC000000000843,-7.3
ZINC000000000843,-7.1
ZINC000000000843,-6.7
ZINC000000000843,-7.2
ZINC000000000843,-6.6
ZINC000000000843,-7.1
ZINC000000000850,-7.5
ZINC000000000850,-7.4
ZINC000000000850,-7.6
ZINC000000000850,-7.2
ZINC000000000850,-7.3
ZINC000000000850,-7.4
ZINC000000000850,-7.0
ZINC000000000853,-7.6
ZINC000000000853,-7.4
ZINC000000000853,-7.4
ZINC000000000853,-7.4
ZINC000000000853,-7.4
ZINC000000000853,-7.3
ZINC000000000853,-7.0
ZINC000000000853,-6.7
ZINC000000000855,-8.1
ZINC000000000855,-7.8
ZINC000000000855,-8.1
ZINC000000000855,-8.4
ZINC000000000856,-8.4
ZINC000000000856,-8.4
ZINC000000000856,-8.4
ZINC000000000856,-8.4
ZINC000000000856,-8.5
ZINC000000000856,-8.4
ZINC000000000856,-8.4
ZINC000000000856,-8.4
ZINC000000000856,-8.4
ZINC000000000856,-8.4
ZINC000000000856,-8.4
ZINC000000000856,-8.2
ZINC000000000856,-8.4
ZINC000000000856,-8.4
ZINC000000000882,-5.0
ZINC000000000903,-8.8
ZINC000000000903,-8.6
ZINC000000000905,-5.7
ZINC000000000920,-6.4
ZINC000000000922,-6.3
ZINC000000000928,-9.3
ZINC000000000931,-8.6
ZINC000000000931,-8.3
ZINC000000000941,-7.1
ZINC000000000941,-7.0
ZINC000000000941,-7.0
ZINC000000000941,-7.1
ZINC000000000941,-7.0
ZINC000000000941,-7.0
ZINC000000000949,-6.7
ZINC000000000973,-8.9
ZINC000000000973,-8.8
ZINC000000001011,-6.0
ZINC000000001016,-8.2
ZINC000000001016,-8.2
ZINC000000001021,-8.0
ZINC000000001028,-4.5
ZINC000000001028,-4.4
ZINC000000001028,-4.4
ZINC000000001041,-5.4
ZINC000000001041,-5.4
ZINC000000001041,-5.5
ZINC000000001041,-5.5
ZINC000000001041,-5.5
ZINC000000001041,-5.4
ZINC000000001051,-7.8
ZINC000000001051,-7.3
ZINC000000001084,-5.6
ZINC000000001091,-5.1
ZINC000000001091,-5.3
ZINC000000001115,-7.2
ZINC000000001115,-7.0
ZINC000000001115,-6.8
ZINC000000001115,-7.0
ZINC000000001115,-7.1
ZINC000000001115,-7.0
ZINC000000001131,-7.0
ZINC000000001132,-6.0
ZINC000000001137,-8.5
ZINC000000001137,-8.5
ZINC000000001137,-8.6
ZINC000000001145,-8.2
ZINC000000001148,-8.4
ZINC000000001148,-8.7
ZINC000000001148,-8.7
ZINC000000001148,-8.5
ZINC000000001175,-7.6
ZINC000000001175,-7.9
ZINC000000001195,-8.5
ZINC000000001195,-8.6
ZINC000000001195,-8.5
ZINC000000001207,-8.0
ZINC000000001207,-7.9
ZINC000000001207,-7.9
ZINC000000001207,-8.0
ZINC000000001246,-9.2
ZINC000000001246,-8.5
ZINC000000001246,-9.1
ZINC000000001246,-9.1
ZINC000000001246,-9.1
ZINC000000001246,-9.1
ZINC000000001246,-9.0
ZINC000000001246,-8.8
ZINC000000001246,-8.6
ZINC000000001261,-8.8
ZINC000000001261,-8.8
ZINC000000001266,-6.7
ZINC000000001266,-6.7
ZINC000000001267,-6.4
ZINC000000001267,-6.4
ZINC000000001267,-6.6
ZINC000000001267,-6.3
ZINC000000001267,-6.5
ZINC000000001267,-6.4
ZINC000000001271,-7.0
ZINC000000001271,-7.1
ZINC000000001271,-7.2
ZINC000000001271,-6.9
ZINC000000001271,-7.1
ZINC000000001271,-7.0
ZINC000000001271,-7.0
ZINC000000001271,-7.1
ZINC000000001281,-7.8
ZINC000000001281,-7.9
ZINC000000001281,-7.8
ZINC000000001281,-7.8
ZINC000000001283,-9.0
ZINC000000001288,-6.0
ZINC000000001288,-5.6
ZINC000000001288,-5.5
ZINC000000001288,-5.4
ZINC000000001290,-7.6
ZINC000000001290,-7.6
ZINC000000001290,-7.5
ZINC000000001290,-7.7
ZINC000000001291,-6.6
ZINC000000001291,-5.8
ZINC000000001291,-6.4
ZINC000000001291,-6.7
ZINC000000001291,-6.5
ZINC000000001299,-6.4
ZINC000000001299,-6.0
ZINC000000001300,-7.7
ZINC000000001300,-7.8
ZINC000000001300,-7.8
ZINC000000001300,-7.8
ZINC000000001300,-7.8
ZINC000000001300,-7.6
ZINC000000001317,-6.7
ZINC000000001317,-7.2
ZINC000000001317,-6.8
ZINC000000001317,-7.3
ZINC000000001317,-6.8
ZINC000000001317,-6.8
ZINC000000001317,-6.8
ZINC000000001317,-6.9
ZINC000000001317,-6.7
ZINC000000001317,-6.7
ZINC000000001317,-6.8
ZINC000000001317,-6.8
ZINC000000001317,-6.7
ZINC000000001317,-6.7
ZINC000000001317,-6.8
ZINC000000001317,-7.4
ZINC000000001320,-7.5
ZINC000000001320,-7.4
ZINC000000001320,-7.4
ZINC000000001322,-8.7
ZINC000000001329,-7.3
ZINC000000001329,-8.0
ZINC000000001329,-7.9
ZINC000000001329,-7.8
ZINC000000001331,-8.6
ZINC000000001331,-7.9
ZINC000000001331,-8.0
ZINC000000001341,-5.6
ZINC000000001341,-5.5
ZINC000000001370,-8.2
ZINC000000001370,-8.7
ZINC000000001382,-7.5
ZINC000000001382,-7.3
ZINC000000001382,-7.6
ZINC000000001382,-7.5
ZINC000000001382,-7.4
ZINC000000001382,-7.6
ZINC000000001382,-7.6
ZINC000000001382,-6.8
ZINC000000001385,-5.7
ZINC000000001385,-5.4
ZINC000000001385,-5.6
ZINC000000001385,-5.5
ZINC000000001402,-8.1
ZINC000000001402,-8.6
ZINC000000001402,-8.6
ZINC000000001402,-8.6
ZINC000000001408,-6.8
ZINC000000001408,-6.7
ZINC000000001408,-6.7
ZINC000000001408,-6.4
ZINC000000001411,-6.3
ZINC000000001411,-6.3
ZINC000000001427,-9.1
ZINC000000001427,-9.0
ZINC000000001427,-9.0
ZINC000000001441,-8.4
ZINC000000001441,-7.7
ZINC000000001441,-8.1
ZINC000000001441,-8.4
ZINC000000001460,-7.8
ZINC000000001460,-8.3
ZINC000000001460,-7.8
ZINC000000001460,-8.3
ZINC000000001464,-7.3
ZINC000000001464,-7.3
ZINC000000001464,-7.5
ZINC000000001464,-7.3
ZINC000000001473,-8.7
ZINC000000001473,-8.7
ZINC000000001505,-6.1
ZINC000000001505,-6.3
ZINC000000001505,-5.8
ZINC000000001505,-6.3
ZINC000000001505,-6.2
ZINC000000001505,-5.5
ZINC000000001505,-5.5
ZINC000000001505,-5.6
ZINC000000001505,-5.4
ZINC000000001522,-7.2
ZINC000000001547,-9.4
ZINC000000001554,-6.1
ZINC000000001587,-7.8
ZINC000000001587,-7.9
ZINC000000001587,-7.8
ZINC000000001587,-7.9
ZINC000000001590,-5.3
ZINC000000001600,-7.4
ZINC000000001600,-7.0
ZINC000000001600,-6.8
ZINC000000001600,-6.8
ZINC000000001600,-6.7
ZINC000000001600,-6.8
ZINC000000001601,-6.8
ZINC000000001601,-6.8
ZINC000000001601,-6.7
ZINC000000001601,-6.2
ZINC000000001612,-7.6
ZINC000000001612,-7.6
ZINC000000001612,-7.6
ZINC000000001612,-7.6
ZINC000000001612,-7.7
ZINC000000001612,-7.6
ZINC000000001644,-6.2
ZINC000000001655,-7.5
ZINC000000001655,-9.0
ZINC000000001655,-8.1
ZINC000000001655,-8.3
ZINC000000001655,-8.2
ZINC000000001655,-9.2
ZINC000000001672,-8.2
ZINC000000001672,-8.1
ZINC000000001672,-8.1
ZINC000000001672,-8.4
ZINC000000001672,-7.8
ZINC000000001672,-8.0
ZINC000000001672,-8.2
ZINC000000001672,-8.3
ZINC000000001672,-8.3
ZINC000000001672,-8.1
ZINC000000001672,-7.8
ZINC000000001673,-6.6
ZINC000000001673,-6.6
ZINC000000001673,-6.7
ZINC000000001673,-6.6
ZINC000000001673,-6.7
ZINC000000001677,-7.8
ZINC000000001681,-6.4
ZINC000000001681,-6.7
ZINC000000001681,-6.8
ZINC000000001681,-6.7
ZINC000000001682,-8.4
ZINC000000001682,-8.4
ZINC000000001682,-8.5
ZINC000000001682,-7.9
ZINC000000001682,-7.8
ZINC000000001682,-8.6
ZINC000000001682,-8.1
ZINC000000001682,-8.4
ZINC000000001682,-8.6
ZINC000000001682,-7.6
ZINC000000001682,-7.7
ZINC000000001684,-5.3
ZINC000000001688,-6.2
ZINC000000001695,-6.0
ZINC000000001695,-6.0
ZINC000000001695,-6.0
ZINC000000001695,-6.0
ZINC000000001695,-6.1
ZINC000000001695,-6.0
ZINC000000001706,-5.2
ZINC000000001706,-5.2
ZINC000000001728,-6.9
ZINC000000001728,-7.1
ZINC000000001728,-6.9
ZINC000000001728,-7.0
ZINC000000001728,-6.8
ZINC000000001728,-7.1
ZINC000000001728,-7.0
ZINC000000001728,-7.0
ZINC000000001735,-6.6
ZINC000000001748,-7.7
ZINC000000001758,-8.3
ZINC000000001758,-8.4
ZINC000000001758,-8.3
ZINC000000001758,-8.3
ZINC000000001758,-8.3
ZINC000000001773,-7.4
ZINC000000001773,-7.7
ZINC000000001792,-6.7
ZINC000000001795,-5.7
ZINC000000001798,-6.1
ZINC000000001798,-5.9
ZINC000000001850,-7.9
ZINC000000001850,-8.5
ZINC000000001850,-8.0
ZINC000000001850,-8.8
ZINC000000001850,-8.7
ZINC000000001850,-8.7
ZINC000000001850,-7.8
ZINC000000001850,-8.9
ZINC000000001850,-8.8
ZINC000000001885,-5.3
ZINC000000001886,-4.6
ZINC000000001894,-7.6
ZINC000000001894,-8.0
ZINC000000001898,-8.1
ZINC000000001898,-7.7
ZINC000000001898,-7.9
ZINC000000001898,-7.7
ZINC000000001898,-8.1
ZINC000000001898,-7.9
ZINC000000001898,-7.7
ZINC000000001899,-6.3
ZINC000000001899,-6.1
ZINC000000001899,-6.1
ZINC000000001899,-6.4
ZINC000000001899,-5.9
ZINC000000001899,-6.0
ZINC000000001899,-6.2
ZINC000000001899,-6.2
ZINC000000001899,-6.1
ZINC000000001899,-6.3
ZINC000000001899,-6.2
ZINC000000001916,-6.9
ZINC000000001916,-7.3
ZINC000000001916,-7.2
ZINC000000001916,-6.9
ZINC000000001930,-5.7
ZINC000000001930,-5.7
ZINC000000001930,-5.8
ZINC000000001931,-7.9
ZINC000000001931,-7.9
ZINC000000001931,-8.0
ZINC000000001958,-7.7
ZINC000000001968,-8.8
ZINC000000001968,-8.3
ZINC000000001971,-8.3
ZINC000000001971,-8.1
ZINC000000001971,-7.2
ZINC000000001971,-8.2
ZINC000000001979,-6.4
ZINC000000001979,-6.5
ZINC000000001982,-6.7
ZINC000000001982,-6.6
ZINC000000001982,-6.7
ZINC000000001984,-9.5
ZINC000000001984,-9.4
ZINC000000001984,-9.4
ZINC000000001984,-9.4
ZINC000000001984,-9.5
ZINC000000001984,-9.6
ZINC000000002005,-5.1
ZINC000000002005,-5.1
ZINC000000002009,-5.8
ZINC000000002028,-5.1
ZINC000000002041,-7.3
ZINC000000002041,-7.5
ZINC000000002041,-7.5
ZINC000000002041,-7.3
ZINC000000002041,-7.4
ZINC000000002041,-7.4
ZINC000000002042,-9.2
ZINC000000002043,-6.8
ZINC000000002043,-6.8
ZINC000000002043,-6.8
ZINC000000002043,-6.8
ZINC000000002043,-6.8
ZINC000000002055,-6.0
ZINC000000002055,-6.0
ZINC000000002060,-8.0
ZINC000000002060,-8.1
ZINC000000002060,-7.8
ZINC000000002062,-9.4
ZINC000000002062,-9.4
ZINC000000002062,-7.1
ZINC000000002062,-9.4
ZINC000000002092,-7.7
ZINC000000002092,-7.7
ZINC000000002092,-7.8
ZINC000000002092,-8.0
ZINC000000002094,-6.4
ZINC000000002094,-6.9
ZINC000000002094,-7.0
ZINC000000002094,-7.0
ZINC000000002094,-7.0
ZINC000000002094,-6.5
ZINC000000002097,-6.5
ZINC000000002097,-7.0
ZINC000000002097,-6.9
ZINC000000002097,-6.5
ZINC000000002101,-5.9
ZINC000000002105,-7.0
ZINC000000002105,-6.9
ZINC000000002105,-7.5
ZINC000000002105,-6.7
ZINC000000002114,-6.6
ZINC000000002114,-6.8
ZINC000000002114,-7.0
ZINC000000002114,-6.9
ZINC000000002114,-6.8
ZINC000000002114,-6.9
ZINC000000002114,-6.7
ZINC000000002114,-6.3
ZINC000000002114,-7.0
ZINC000000002114,-6.8
ZINC000000002114,-7.0
ZINC000000002151,-5.6
ZINC000000002159,-6.8
ZINC000000002159,-7.5
ZINC000000002176,-6.8
ZINC000000002176,-6.8
ZINC000000002176,-7.0
ZINC000000002176,-7.1
ZINC000000002176,-6.9
ZINC000000002188,-8.9
ZINC000000002188,-9.1
ZINC000000002188,-9.1
ZINC000000002188,-9.1
ZINC000000002188,-9.0
ZINC000000002188,-8.1
ZINC000000002188,-8.2
ZINC000000002191,-8.2
ZINC000000002191,-7.4
ZINC000000002191,-7.9
ZINC000000002191,-8.3
ZINC000000002191,-8.0
ZINC000000002202,-6.0
ZINC000000002212,-9.1
ZINC000000002212,-9.1
ZINC000000002212,-8.8
ZINC000000002212,-7.9
ZINC000000002216,-7.7
ZINC000000002216,-7.7
ZINC000000002216,-7.7
ZINC000000002216,-7.7
ZINC000000002216,-7.6
ZINC000000002216,-7.7
ZINC000000002220,-7.1
ZINC000000002220,-7.8
ZINC000000002226,-8.5
ZINC000000002232,-7.2
ZINC000000002232,-7.1
ZINC000000002235,-5.6
ZINC000000002235,-5.5
ZINC000000002235,-5.2
ZINC000000002264,-7.6
ZINC000000002264,-7.2
ZINC000000002264,-7.2
ZINC000000002264,-7.2
ZINC000000002264,-7.5
ZINC000000002272,-8.9
ZINC000000002272,-9.0
ZINC000000002272,-8.9
ZINC000000002272,-8.8
ZINC000000002273,-6.7
ZINC000000002273,-6.7
ZINC000000002273,-6.7
ZINC000000002276,-6.8
ZINC000000002276,-6.8
ZINC000000002276,-6.6
ZINC000000002276,-6.8
ZINC000000002276,-6.8
ZINC000000002276,-6.8
ZINC000000002279,-8.1
ZINC000000002279,-7.6
ZINC000000002281,-6.7
ZINC000000002281,-6.8
ZINC000000002281,-6.7
ZINC000000002282,-8.3
ZINC000000002282,-8.2
ZINC000000002282,-8.3
ZINC000000002282,-8.3
ZINC000000002283,-6.8
ZINC000000002283,-6.8
ZINC000000002283,-6.7
ZINC000000002299,-8.2
ZINC000000002299,-8.3
ZINC000000002647,-7.3
ZINC000000002647,-7.3
ZINC000000002688,-8.6
ZINC000000002688,-8.3
ZINC000000002688,-9.2
ZINC000000002688,-8.3
ZINC000000002688,-9.0
ZINC000000002688,-8.7
ZINC000000002688,-8.7
ZINC000000002688,-8.4
ZINC000000002688,-8.7
ZINC000000002688,-8.3
ZINC000000003642,-7.1
ZINC000000003642,-7.2
ZINC000000003642,-7.0
ZINC000000003642,-7.2
ZINC000000003642,-6.9
ZINC000000003642,-6.6
ZINC000000003642,-7.1
ZINC000000003642,-7.0
ZINC000000003642,-7.3
ZINC000000003642,-6.7
ZINC000000003742,-8.2
ZINC000000003837,-6.8
ZINC000000003837,-6.8
ZINC000000003837,-6.8
ZINC000000003876,-8.6
ZINC000000003876,-8.7
ZINC000000003876,-8.7
ZINC000000003876,-8.3
ZINC000000003911,-8.4
ZINC000000003911,-8.4
ZINC000000003911,-8.2
ZINC000000003911,-8.5
ZINC000000003911,-8.5
ZINC000000003911,-8.3
ZINC000000003911,-8.4
ZINC000000003911,-8.5
ZINC000000003911,-7.9
ZINC000000004009,-6.7
ZINC000000004009,-6.7
ZINC000000004009,-6.6
ZINC000000004009,-6.6
ZINC000000004009,-6.7
ZINC000000004009,-6.7
ZINC000000004009,-6.6
ZINC000000004009,-6.6
ZINC000000004009,-6.7
ZINC000000004009,-6.7
ZINC000000004009,-6.5
ZINC000000004009,-6.7
ZINC000000004009,-6.7
ZINC000000004009,-6.7
ZINC000000004009,-6.6
ZINC000000004009,-6.7
ZINC000000004009,-6.7
ZINC000000004028,-7.5
ZINC000000004028,-8.2
ZINC000000004028,-8.4
ZINC000000004028,-7.6
ZINC000000004028,-8.5
ZINC000000004028,-8.2
ZINC000000004028,-7.2
ZINC000000004028,-7.8
ZINC000000004028,-8.5
ZINC000000004028,-8.4
ZINC000000004028,-6.8
ZINC000000004028,-8.4
ZINC000000004028,-7.7
ZINC000000004028,-7.5
ZINC000000004028,-8.4
ZINC000000004028,-7.3
ZINC000000004076,-6.9
ZINC000000004076,-8.1
ZINC000000004076,-7.1
ZINC000000004076,-7.9
ZINC000000004076,-8.4
ZINC000000004076,-7.9
ZINC000000004076,-8.2
ZINC000000004076,-8.2
ZINC000000004076,-7.6
ZINC000000004076,-8.0
ZINC000000004076,-7.7
ZINC000000004076,-8.0
ZINC000000004076,-7.6
ZINC000000004076,-7.9
ZINC000000004076,-7.9
ZINC000000004166,-6.9
ZINC000000004166,-6.9
ZINC000000004166,-6.9
ZINC000000004166,-6.9
ZINC000000004166,-6.9
ZINC000000004166,-6.9
ZINC000000004166,-6.9
ZINC000000004227,-6.8
ZINC000000004227,-6.8
ZINC000000004234,-7.2
ZINC000000004234,-6.8
ZINC000000004234,-6.8
ZINC000000004319,-8.7
ZINC000000004319,-8.6
ZINC000000004319,-8.6
ZINC000000004319,-8.5
ZINC000000004319,-8.7
ZINC000000004319,-8.6
ZINC000000004319,-8.7
ZINC000000004319,-8.7
ZINC000000004319,-8.7
ZINC000000004319,-8.5
ZINC000000004319,-8.6
ZINC000000004319,-8.4
ZINC000000004319,-8.6
ZINC000000004319,-8.7
ZINC000000004319,-8.6
ZINC000000004319,-8.5
ZINC000000004319,-8.6
ZINC000000004321,-6.7
ZINC000000004321,-6.4
ZINC000000004321,-6.6
ZINC000000004321,-6.7
ZINC000000004321,-6.7
ZINC000000004321,-6.7
ZINC000000004351,-8.5
ZINC000000004351,-8.6
ZINC000000004413,-7.0
ZINC000000004413,-7.0
ZINC000000004413,-7.1
ZINC000000004413,-7.0
ZINC000000004413,-6.9
ZINC000000004413,-7.0
ZINC000000004413,-6.4
ZINC000000004413,-7.0
ZINC000000004413,-6.9
ZINC000000004448,-7.9
ZINC000000004448,-9.0
ZINC000000004448,-7.9
ZINC000000004448,-8.9
ZINC000000004448,-8.5
ZINC000000004724,-8.7
ZINC000000004724,-8.3
ZINC000000004759,-6.9
ZINC000000004759,-7.1
ZINC000000004759,-7.0
ZINC000000004759,-7.0
ZINC000000004760,-7.2
ZINC000000004760,-7.6
ZINC000000004760,-7.6
ZINC000000004760,-7.4
ZINC000000004778,-7.4
ZINC000000004778,-7.2
ZINC000000004785,-8.3
ZINC000000004840,-8.6
ZINC000000004840,-8.5
ZINC000000004893,-8.7
ZINC000000004893,-8.3
ZINC000000004942,-8.4
ZINC000000004942,-8.2
ZINC000000004942,-8.1
ZINC000000004942,-8.2
ZINC000000004942,-8.1
ZINC000000004949,-5.9
ZINC000000004949,-5.5
ZINC000000004949,-6.0
ZINC000000004949,-5.3
ZINC000000005151,-8.2
ZINC000000005151,-7.8
ZINC000000005151,-7.8
ZINC000000005151,-8.2
ZINC000000005151,-6.8
ZINC000000005151,-7.8
ZINC000000005151,-7.9
ZINC000000005151,-8.0
ZINC000000005151,-7.6
ZINC000000005151,-6.8
ZINC000000005151,-8.1
ZINC000000005151,-7.8
ZINC000000005151,-8.2
ZINC000000005151,-7.7
ZINC000000005152,-5.4
ZINC000000005152,-5.3
ZINC000000005152,-5.5
ZINC000000005152,-5.6
ZINC000000005152,-5.5
ZINC000000005152,-5.6
ZINC000000005152,-5.4
ZINC000000005152,-5.6
ZINC000000005423,-8.2
ZINC000000005423,-8.3
ZINC000000005560,-9.2
ZINC000000005560,-9.3
ZINC000000005560,-9.2
ZINC000000005560,-9.3
ZINC000000005560,-8.9
ZINC000000005560,-8.6
ZINC000000005608,-8.1
ZINC000000005608,-8.1
ZINC000000005608,-8.2
ZINC000000005608,-8.2
ZINC000000005608,-8.2
ZINC000000005608,-8.1
ZINC000000005626,-7.1
ZINC000000005626,-6.7
ZINC000000005823,-8.1
ZINC000000005823,-8.4
ZINC000000005823,-8.5
ZINC000000005823,-7.4
ZINC000000005823,-8.1
ZINC000000005823,-8.3
ZINC000000005823,-8.3
ZINC000000005823,-7.5
ZINC000000005878,-5.5
ZINC000000005878,-5.5
ZINC000000005895,-6.5
ZINC000000005895,-6.9
ZINC000000005895,-7.5
ZINC000000005895,-6.8
ZINC000000005895,-7.3
ZINC000000005895,-7.0
ZINC000000005895,-6.9
ZINC000000005895,-7.4
ZINC000000005895,-6.8
ZINC000000005895,-7.1
ZINC000000005895,-7.4
ZINC000000005895,-7.5
ZINC000000005895,-7.4
ZINC000000005895,-6.7
ZINC000000006016,-7.7
ZINC000000006016,-6.9
ZINC000000006016,-6.6
ZINC000000006016,-6.6
ZINC000000006016,-6.6
ZINC000000006016,-6.5
ZINC000000006156,-6.8
ZINC000000006156,-6.9
ZINC000000006156,-7.1
ZINC000000006156,-7.1
ZINC000000006156,-7.1
ZINC000000006156,-7.2
ZINC000000006157,-8.2
ZINC000000006157,-8.3
ZINC000000006226,-5.3
ZINC000000006251,-7.6
ZINC000000006251,-7.7
ZINC000000006251,-7.7
ZINC000000006251,-7.4
ZINC000000006251,-7.6
ZINC000000006251,-7.2
ZINC000000006251,-7.5
ZINC000000006251,-7.7
ZINC000000006251,-7.7
ZINC000000006251,-7.2
ZINC000000006251,-7.3
ZINC000000006251,-7.8
ZINC000000006251,-7.4
ZINC000000006251,-7.2
ZINC000000006251,-7.6
ZINC000000006300,-8.2
ZINC000000006300,-8.1
ZINC000000006300,-8.3
ZINC000000006300,-8.3
ZINC000000006300,-8.3
ZINC000000006310,-6.9
ZINC000000006427,-8.0
ZINC000000006427,-7.7
ZINC000000006481,-7.1
ZINC000000006481,-6.9
ZINC000000006694,-7.9
ZINC000000006694,-8.6
ZINC000000006694,-8.6
ZINC000000006694,-8.0
ZINC000000006787,-8.7
ZINC000000006923,-7.6
ZINC000000006923,-7.8
ZINC000000006923,-7.7
ZINC000000006923,-7.2
ZINC000000006923,-7.7
ZINC000000006923,-7.7
ZINC000000006923,-7.7
ZINC000000007295,-8.0
ZINC000000007295,-8.8
ZINC000000007295,-7.8
ZINC000000007295,-8.8
ZINC000000007295,-8.2
ZINC000000007368,-7.9
ZINC000000007368,-7.7
ZINC000000007368,-7.9
ZINC000000007368,-7.8
ZINC000000007368,-7.9
ZINC000000007368,-7.6
ZINC000000007368,-7.9
ZINC000000007368,-7.8
ZINC000000007368,-7.8
ZINC000000007455,-8.4
ZINC000000007455,-8.5
ZINC000000007563,-8.3
ZINC000000007563,-8.0
ZINC000000007563,-7.9
ZINC000000007563,-8.0
ZINC000000007563,-7.9
ZINC000000007563,-8.3
ZINC000000007563,-8.0
ZINC000000007563,-8.0
ZINC000000007601,-6.7
ZINC000000007601,-6.7
ZINC000000007601,-6.7
ZINC000000007601,-6.7
ZINC000000007601,-6.7
ZINC000000007673,-7.0
ZINC000000007673,-6.0
ZINC000000007673,-7.1
ZINC000000007673,-7.0
ZINC000000007673,-7.0
ZINC000000007782,-7.6
ZINC000000007782,-7.7
ZINC000000007782,-7.6
ZINC000000007782,-7.7
ZINC000000008492,-6.7
ZINC000000008667,-8.3
ZINC000000008667,-8.5
ZINC000000009073,-9.6
ZINC000000009342,-6.6
ZINC000000009342,-6.5
ZINC000000009342,-6.6
ZINC000000009342,-6.6
ZINC000000009342,-6.8
ZINC000000009689,-9.1
ZINC000000009689,-9.3
ZINC000000009689,-8.5
ZINC000000009689,-8.4
ZINC000000009689,-8.6
ZINC000000009689,-9.2
ZINC000000009689,-8.2
ZINC000000009689,-9.2
ZINC000000009689,-8.8
ZINC000000009689,-8.9
ZINC000000009689,-8.2
ZINC000000009708,-6.1
ZINC000000009708,-6.0
ZINC000000009708,-6.0
ZINC000000009708,-5.9
ZINC000000010163,-5.9
ZINC000000010164,-5.8
ZINC000000010402,-7.5
ZINC000000011012,-8.2
ZINC000000011012,-8.0
ZINC000000011012,-8.0
ZINC000000012342,-8.2
ZINC000000012342,-8.5
ZINC000000012342,-8.6
ZINC000000012342,-8.2
ZINC000000012342,-8.5
ZINC000000012342,-8.5
ZINC000000012342,-8.5
ZINC000000012342,-8.5
ZINC000000012342,-8.4
ZINC000000012342,-8.4
ZINC000000012342,-8.5
ZINC000000012342,-8.3
ZINC000000012342,-8.2
ZINC000000012342,-7.8
ZINC000000012346,-7.1
ZINC000000012346,-6.0
ZINC000000013156,-7.9
ZINC000000013156,-7.9
ZINC000000013245,-5.7
ZINC000000014007,-6.7
ZINC000000014007,-6.9
ZINC000000014007,-6.7
ZINC000000014007,-6.6
ZINC000000014007,-6.9
ZINC000000014007,-6.8
ZINC000000014007,-6.4
ZINC000000014007,-6.8
ZINC000000014007,-6.8
ZINC000000014007,-7.0
ZINC000000014037,-7.0
ZINC000000014037,-6.9
ZINC000000014257,-7.6
ZINC000000014360,-7.1
ZINC000000014360,-7.3
ZINC000000014360,-6.4
ZINC000000014360,-7.4
ZINC000000014360,-6.3
ZINC000000014360,-6.5
ZINC000000014360,-6.5
ZINC000000014360,-7.4
ZINC000000014360,-7.0
ZINC000000014360,-7.5
ZINC000000014360,-6.9
ZINC000000014360,-7.3
ZINC000000014360,-7.3
ZINC000000014360,-6.4
ZINC000000014360,-6.7
ZINC000000014360,-7.4
ZINC000000014551,-9.2
ZINC000000014551,-8.7
ZINC000000014551,-8.4
ZINC000000014551,-9.7
ZINC000000014551,-9.0
ZINC000000014551,-9.7
ZINC000000014551,-9.4
ZINC000000014551,-9.1
ZINC000000014551,-9.2
ZINC000000014551,-8.9
ZINC000000014551,-9.1
ZINC000000014669,-9.4
ZINC000000014669,-9.0
ZINC000000014669,-9.8
ZINC000000014669,-9.9
ZINC000000014669,-8.5
ZINC000000014669,-9.5
ZINC000000014669,-9.1
ZINC000000014669,-8.8
ZINC000000014669,-8.7
ZINC000000014669,-9.6
ZINC000000014669,-9.8
ZINC000000014669,-9.3
ZINC000000014669,-9.6
ZINC000000014669,-9.2
ZINC000000014864,-7.7
ZINC000000014864,-7.6
ZINC000000014864,-7.6
ZINC000000014864,-7.8
ZINC000000014864,-7.7
ZINC000000014864,-7.8
ZINC000000014864,-7.1
ZINC000000014864,-7.8
ZINC000000014864,-7.8
ZINC000000014864,-7.6
ZINC000000014864,-7.8
ZINC000000014864,-7.7
ZINC000000014864,-7.7
ZINC000000014864,-7.8
ZINC000000014864,-7.7
ZINC000000015515,-7.8
ZINC000000015515,-7.7
ZINC000000015515,-7.4
ZINC000000015515,-7.7
ZINC000000015515,-7.9
ZINC000000015515,-7.8
ZINC000000015515,-7.4
ZINC000000015515,-7.1
ZINC000000015515,-7.9
ZINC000000015515,-7.9
ZINC000000015515,-7.8
ZINC000000015515,-7.8
ZINC000000015515,-7.8
ZINC000000015515,-7.8
ZINC000000015515,-7.2
ZINC000000015515,-7.4
ZINC000000015515,-7.8
ZINC000000016154,-8.5
ZINC000000016154,-8.3
ZINC000000016678,-8.0
ZINC000000016678,-8.5
ZINC000000016678,-8.4
ZINC000000016678,-7.9
ZINC000000016956,-6.2
ZINC000000016956,-6.1
ZINC000000018087,-7.8
ZINC000000018087,-7.8
ZINC000000018087,-7.8
ZINC000000018087,-7.8
ZINC000000018087,-7.8
ZINC000000018087,-7.8
ZINC000000018087,-7.8
ZINC000000018087,-7.6
ZINC000000018087,-7.8
ZINC000000018087,-7.8
ZINC000000018087,-7.6
ZINC000000018087,-7.6
ZINC000000018087,-7.7
ZINC000000018087,-7.6
ZINC000000018087,-7.6
ZINC000000018087,-7.8
ZINC000000018087,-7.7
ZINC000000018087,-7.7
ZINC000000018635,-7.3
ZINC000000018635,-7.3
ZINC000000018635,-7.1
ZINC000000018635,-7.2
ZINC000000020220,-8.4
ZINC000000020221,-8.6
ZINC000000020221,-8.7
ZINC000000020221,-8.6
ZINC000000020221,-8.6
ZINC000000020228,-7.2
ZINC000000020228,-7.1
ZINC000000020228,-7.2
ZINC000000020228,-6.6
ZINC000000020228,-6.7
ZINC000000020228,-7.2
ZINC000000020228,-7.2
ZINC000000020228,-7.2
ZINC000000020229,-7.7
ZINC000000020229,-7.7
ZINC000000020229,-7.9
ZINC000000020229,-7.5
ZINC000000020229,-7.7
ZINC000000020229,-7.4
ZINC000000020229,-7.7
ZINC000000020229,-7.7
ZINC000000020229,-7.7
ZINC000000020229,-7.8
ZINC000000020229,-7.7
ZINC000000020229,-7.4
ZINC000000020230,-6.9
ZINC000000020230,-6.8
ZINC000000020230,-6.9
ZINC000000020230,-7.0
ZINC000000020230,-6.4
ZINC000000020231,-6.3
ZINC000000020235,-8.8
ZINC000000020235,-8.6
ZINC000000020235,-9.1
ZINC000000020237,-7.2
ZINC000000020237,-6.4
ZINC000000020237,-7.0
ZINC000000020237,-7.1
ZINC000000020237,-7.2
ZINC000000020240,-7.9
ZINC000000020240,-7.9
ZINC000000020240,-8.0
ZINC000000020240,-7.9
ZINC000000020240,-7.9
ZINC000000020241,-9.3
ZINC000000020241,-9.2
ZINC000000020241,-9.3
ZINC000000020241,-9.3
ZINC000000020241,-9.4
ZINC000000020241,-9.4
ZINC000000020241,-9.2
ZINC000000020243,-9.1
ZINC000000020243,-9.1
ZINC000000020244,-7.3
ZINC000000020244,-7.3
ZINC000000020244,-7.3
ZINC000000020244,-7.3
ZINC000000020245,-7.9
ZINC000000020245,-8.4
ZINC000000020246,-7.4
ZINC000000020246,-7.2
ZINC000000020246,-7.4
ZINC000000020246,-7.1
ZINC000000020246,-6.9
ZINC000000020248,-8.2
ZINC000000020248,-7.6
ZINC000000020248,-8.2
ZINC000000020248,-8.7
ZINC000000020249,-7.8
ZINC000000020249,-7.9
ZINC000000020249,-8.3
ZINC000000020249,-8.2
ZINC000000020249,-8.3
ZINC000000020250,-7.2
ZINC000000020250,-7.2
ZINC000000020251,-7.1
ZINC000000020251,-7.2
ZINC000000020251,-7.0
ZINC000000020251,-7.1
ZINC000000020252,-8.1
ZINC000000020252,-8.2
ZINC000000020252,-8.1
ZINC000000020252,-8.1
ZINC000000020252,-8.2
ZINC000000020252,-8.1
ZINC000000020252,-8.2
ZINC000000020252,-8.2
ZINC000000020252,-8.2
ZINC000000020252,-8.1
ZINC000000020252,-8.1
ZINC000000020253,-9.1
ZINC000000020253,-7.8
ZINC000000020253,-9.2
ZINC000000020253,-8.3
ZINC000000020253,-8.5
ZINC000000020253,-9.1
ZINC000000020255,-6.4
ZINC000000020255,-6.5
ZINC000000020255,-6.6
ZINC000000020255,-6.2
ZINC000000020255,-6.6
ZINC000000020255,-6.5
ZINC000000020257,-6.1
ZINC000000020257,-6.1
ZINC000000020259,-6.0
ZINC000000020259,-6.0
ZINC000000020259,-6.0
ZINC000000020260,-7.8
ZINC000000020260,-7.9
ZINC000000020260,-7.8
ZINC000000020260,-7.8
ZINC000000020260,-7.8
ZINC000000020260,-7.7
ZINC000000020260,-7.8
ZINC000000020260,-7.9
ZINC000000020260,-7.9
ZINC000000020260,-7.8
ZINC000000020260,-7.6
ZINC000000020783,-6.7
ZINC000000020783,-6.6
ZINC000000020783,-6.7
ZINC000000020783,-6.7
ZINC000000020783,-6.6
ZINC000000020783,-6.7
ZINC000000020783,-6.7
ZINC000000020783,-6.7
ZINC000000020783,-6.6
ZINC000000020783,-6.6
ZINC000000025958,-8.8
ZINC000000025958,-8.1
ZINC000000032350,-7.7
ZINC000000033882,-5.9
ZINC000000034157,-6.5
ZINC000000034157,-6.5
ZINC000000034157,-6.5
ZINC000000034157,-6.5
ZINC000000034157,-6.5
ZINC000000034157,-6.5
ZINC000000035804,-7.6
ZINC000000035804,-7.7
ZINC000000035804,-7.7
ZINC000000035804,-7.3
ZINC000000035804,-7.3
ZINC000000035804,-7.1
ZINC000000035804,-7.5
ZINC000000037293,-7.4
ZINC000000037293,-8.1
ZINC000000038545,-8.1
ZINC000000038545,-8.1
ZINC000000039089,-6.3
ZINC000000039089,-6.3
ZINC000000039089,-6.3
ZINC000000039092,-8.9
ZINC000000039092,-8.8
ZINC000000039092,-7.2
ZINC000000039905,-5.7
ZINC000000039906,-6.6
ZINC000000039906,-6.7
ZINC000000043478,-7.6
ZINC000000044027,-7.7
ZINC000000044027,-7.5
ZINC000000044027,-7.6
ZINC000000049142,-7.1
ZINC000000049142,-7.6
ZINC000000049153,-6.7
ZINC000000049153,-6.7
ZINC000000049153,-6.7
ZINC000000049153,-6.9
ZINC000000049153,-6.7
ZINC000000049153,-6.7
ZINC000000049153,-6.7
ZINC000000049154,-5.9
ZINC000000049154,-5.9
ZINC000000056399,-6.6
ZINC000000056399,-6.6
ZINC000000056399,-6.5
ZINC000000056427,-6.7
ZINC000000056427,-6.5
ZINC000000056427,-6.2
ZINC000000056427,-6.8
ZINC000000056427,-6.4
ZINC000000056544,-6.7
ZINC000000056544,-6.9
ZINC000000056555,-8.5
ZINC000000056555,-8.6
ZINC000000056555,-7.6
ZINC000000056555,-8.5
ZINC000000056556,-7.9
ZINC000000056556,-7.9
ZINC000000056556,-7.7
ZINC000000056556,-7.9
ZINC000000056556,-7.9
ZINC000000056568,-6.9
ZINC000000056568,-6.9
ZINC000000056568,-7.0
ZINC000000056568,-6.9
ZINC000000056643,-8.0
ZINC000000056643,-7.8
ZINC000000056643,-7.7
ZINC000000056645,-6.8
ZINC000000056645,-6.8
ZINC000000056645,-6.8
ZINC000000056645,-6.8
ZINC000000056646,-6.7
ZINC000000056646,-6.8
ZINC000000056646,-6.8
ZINC000000056646,-6.8
ZINC000000056646,-6.6
ZINC000000056646,-6.8
ZINC000000056646,-6.6
ZINC000000056646,-6.7
ZINC000000056647,-6.9
ZINC000000056647,-7.3
ZINC000000056648,-7.2
ZINC000000056648,-7.2
ZINC000000056648,-7.1
ZINC000000056648,-7.1
ZINC000000056648,-6.9
ZINC000000056648,-7.0
ZINC000000056648,-7.1
ZINC000000056651,-6.8
ZINC000000056651,-6.8
ZINC000000056651,-6.8
ZINC000000056651,-6.9
ZINC000000056652,-6.9
ZINC000000056652,-6.9
ZINC000000056652,-7.0
ZINC000000056652,-6.9
ZINC000000056652,-7.0
ZINC000000056653,-6.7
ZINC000000056653,-6.8
ZINC000000056653,-6.7
ZINC000000056653,-6.8
ZINC000000056653,-6.7
ZINC000000056949,-7.9
ZINC000000056949,-8.2
ZINC000000056949,-7.9
ZINC000000056949,-8.0
ZINC000000057001,-5.6
ZINC000000057001,-5.4
ZINC000000057001,-5.8
ZINC000000057001,-5.6
ZINC000000057001,-5.8
ZINC000000057008,-7.6
ZINC000000057008,-7.6
ZINC000000057008,-7.5
ZINC000000057008,-8.0
ZINC000000057008,-7.4
ZINC000000057008,-7.7
ZINC000000057008,-7.0
ZINC000000057008,-6.8
ZINC000000057008,-7.7
ZINC000000057008,-7.6
ZINC000000057008,-7.0
ZINC000000057008,-7.6
ZINC000000057008,-7.4
ZINC000000057060,-7.0
ZINC000000057060,-7.2
ZINC000000057060,-6.6
ZINC000000057060,-6.8
ZINC000000057060,-7.1
ZINC000000057060,-6.7
ZINC000000057060,-7.2
ZINC000000057060,-7.1
ZINC000000057062,-6.2
ZINC000000057062,-6.3
ZINC000000057115,-7.0
ZINC000000057146,-6.3
ZINC000000057146,-6.3
ZINC000000057146,-6.3
ZINC000000057146,-6.2
ZINC000000057146,-6.2
ZINC000000057146,-6.2
ZINC000000057147,-6.2
ZINC000000057147,-6.2
ZINC000000057147,-6.3
ZINC000000057147,-6.5
ZINC000000057147,-6.2
ZINC000000057147,-6.4
ZINC000000057198,-8.0
ZINC000000057198,-8.1
ZINC000000057198,-8.0
ZINC000000057198,-7.6
ZINC000000057198,-8.1
ZINC000000057198,-8.0
ZINC000000057204,-7.1
ZINC000000057204,-7.4
ZINC000000057204,-7.0
ZINC000000057204,-7.1
ZINC000000057204,-7.1
ZINC000000057204,-7.3
ZINC000000057204,-7.5
ZINC000000057206,-6.9
ZINC000000057206,-6.9
ZINC000000057206,-6.7
ZINC000000057206,-6.9
ZINC000000057206,-6.8
ZINC000000057251,-8.1
ZINC000000057251,-7.9
ZINC000000057251,-8.0
ZINC000000057251,-7.8
ZINC000000057251,-8.1
ZINC000000057251,-8.0
ZINC000000057251,-8.0
ZINC000000057252,-8.4
ZINC000000057252,-8.3
ZINC000000057252,-8.4
ZINC000000057252,-8.2
ZINC000000057252,-8.3
ZINC000000057252,-8.4
ZINC000000057252,-8.2
ZINC000000057253,-7.0
ZINC000000057253,-7.1
ZINC000000057253,-7.0
ZINC000000057253,-7.1
ZINC000000057254,-6.9
ZINC000000057254,-7.1
ZINC000000057254,-6.8
ZINC000000057254,-6.8
ZINC000000057255,-9.0
ZINC000000057255,-9.1
ZINC000000057255,-9.1
ZINC000000057255,-9.2
ZINC000000057255,-9.1
ZINC000000057255,-9.1
ZINC000000057261,-6.8
ZINC000000057261,-6.8
ZINC000000057261,-6.7
ZINC000000057262,-6.8
ZINC000000057262,-6.8
ZINC000000057262,-6.6
ZINC000000057278,-8.3
ZINC000000057278,-8.4
ZINC000000057278,-8.4
ZINC000000057278,-8.4
ZINC000000057278,-8.4
ZINC000000057302,-7.5
ZINC000000057302,-7.4
ZINC000000057302,-7.5
ZINC000000057302,-7.8
ZINC000000057313,-7.5
ZINC000000057313,-6.7
ZINC000000057313,
ZINC000000057313,-6.9
ZINC000000057313,-6.9
ZINC000000057313,-7.1
ZINC000000057313,-6.7
ZINC000000057319,-8.1
ZINC000000057319,-8.1
ZINC000000057319,-8.2
ZINC000000057319,-8.1
ZINC000000057319,-8.6
ZINC000000057319,-8.1
ZINC000000057319,-8.6
ZINC000000057319,-8.2
ZINC000000057320,-8.1
ZINC000000057320,-8.2
ZINC000000057320,-8.2
ZINC000000057320,-8.2
ZINC000000057320,-8.1
ZINC000000057320,-8.3
ZINC000000057320,-8.2
ZINC000000057320,-8.3
ZINC000000057320,-8.1
ZINC000000057320,-8.1
ZINC000000057320,-8.2
ZINC000000057321,-8.1
ZINC000000057321,-8.1
ZINC000000057321,-8.1
ZINC000000057321,-8.1
ZINC000000057321,-8.1
ZINC000000057321,-8.1
ZINC000000057321,-8.1
ZINC000000057321,-8.1
ZINC000000057321,-8.1
ZINC000000057321,-8.1
ZINC000000057340,-6.7
ZINC000000057340,-6.7
ZINC000000057340,-6.7
ZINC000000057340,-6.6
ZINC000000057340,-6.7
ZINC000000057340,-6.5
ZINC000000057340,-6.7
ZINC000000057340,-6.7
ZINC000000057340,-6.7
ZINC000000057340,-6.8
ZINC000000057341,-6.7
ZINC000000057341,-6.6
ZINC000000057341,-6.7
ZINC000000057341,-6.6
ZINC000000057341,-6.5
ZINC000000057341,-6.8
ZINC000000057341,-6.1
ZINC000000057341,-6.8
ZINC000000057401,-6.4
ZINC000000057401,-6.4
ZINC000000057401,-7.1
ZINC000000057401,-7.3
ZINC000000057401,-7.1
ZINC000000057406,-6.0
ZINC000000057406,-5.7
ZINC000000057406,-5.6
ZINC000000057406,-6.0
ZINC000000057406,-6.1
ZINC000000057406,-6.0
ZINC000000057407,-5.9
ZINC000000057407,-5.5
ZINC000000057407,-5.6
ZINC000000057407,-5.5
ZINC000000057408,-5.8
ZINC000000057408,-5.8
ZINC000000057408,-5.7
ZINC000000057408,-5.8
ZINC000000057408,-5.8
ZINC000000057409,-6.0
ZINC000000057409,-5.8
ZINC000000057409,-6.1
ZINC000000057409,-6.0
ZINC000000057409,-6.0
ZINC000000057409,-6.0
ZINC000000057412,-6.4
ZINC000000057412,-6.3
ZINC000000057421,-7.5
ZINC000000057422,-8.6
ZINC000000057422,-8.6
ZINC000000057422,-8.6
ZINC000000057422,-8.7
ZINC000000057422,-8.6
ZINC000000057422,-8.4
ZINC000000057422,-8.7
ZINC000000057422,-8.6
ZINC000000057422,-8.7
ZINC000000057422,-8.7
ZINC000000057422,-8.7
ZINC000000057422,-8.6
ZINC000000057435,-7.1
ZINC000000057435,-7.2
ZINC000000057435,-7.3
ZINC000000057435,-6.8
ZINC000000057439,-7.7
ZINC000000057439,-7.8
ZINC000000057439,-8.3
ZINC000000057439,-7.8
ZINC000000057439,-8.3
ZINC000000057439,-7.6
ZINC000000057439,-7.6
ZINC000000057439,-7.6
ZINC000000057439,-7.8
ZINC000000057455,-7.3
ZINC000000057455,-7.5
ZINC000000057455,-7.5
ZINC000000057455,-7.3
ZINC000000057455,-7.4
ZINC000000057455,-7.4
ZINC000000057455,-7.4
ZINC000000057455,-7.5
ZINC000000057464,-7.6
ZINC000000057480,-8.1
ZINC000000057480,-8.1
ZINC000000057480,-8.2
ZINC000000057480,-8.1
ZINC000000057480,-8.2
ZINC000000057480,-8.0
ZINC000000057480,-8.0
ZINC000000057480,-8.1
ZINC000000057490,-7.9
ZINC000000057490,-8.0
ZINC000000057490,-8.0
ZINC000000057490,-8.0
ZINC000000057490,-7.9
ZINC000000057493,-6.9
ZINC000000057493,-7.1
ZINC000000057493,-6.7
ZINC000000057493,-7.5
ZINC000000057494,-7.7
ZINC000000057494,-7.7
ZINC000000057501,-7.4
ZINC000000057501,-7.6
ZINC000000057501,-7.5
ZINC000000057501,-7.5
ZINC000000057503,-8.1
ZINC000000057503,-8.0
ZINC000000057503,-8.1
ZINC000000057503,-8.0
ZINC000000057504,-7.5
ZINC000000057504,-7.6
ZINC000000057504,-7.8
ZINC000000057504,-7.4
ZINC000000057512,-7.8
ZINC000000057512,-7.5
ZINC000000057512,-7.5
ZINC000000057512,-7.3
ZINC000000057513,-6.6
ZINC000000057513,-6.6
ZINC000000057513,-6.6
ZINC000000057513,-6.3
ZINC000000057513,-6.7
ZINC000000057513,-6.4
ZINC000000057513,-6.6
ZINC000000057519,-8.8
ZINC000000057519,-8.0
ZINC000000057519,-8.7
ZINC000000057519,-8.8
ZINC000000057519,-8.7
ZINC000000057520,-8.1
ZINC000000057520,-8.1
ZINC000000057520,-8.7
ZINC000000057520,-7.9
ZINC000000057520,-7.3
ZINC000000057520,-8.7
ZINC000000057522,-9.2
ZINC000000057522,-9.7
ZINC000000057522,-9.3
ZINC000000057522,-9.0
ZINC000000057522,-9.0
ZINC000000057522,-9.2
ZINC000000057522,-9.0
ZINC000000057522,-9.2
ZINC000000057522,-9.2
ZINC000000057522,-9.3
ZINC000000057522,-9.0
ZINC000000057522,-8.9
ZINC000000057532,-7.3
ZINC000000057532,-6.5
ZINC000000057532,-7.6
ZINC000000057532,-6.9
ZINC000000057532,-7.0
ZINC000000057532,-6.6
ZINC000000057532,-6.7
ZINC000000057532,-6.8
ZINC000000057533,-6.7
ZINC000000057533,-6.7
ZINC000000057533,-6.9
ZINC000000057533,-6.9
ZINC000000057533,-6.7
ZINC000000057533,-6.7
ZINC000000057533,-6.8
ZINC000000057533,-6.8
ZINC000000057533,-6.9
ZINC000000057534,-7.4
ZINC000000057534,-7.4
ZINC000000057624,-6.0
ZINC000000057624,-6.0
ZINC000000057624,-6.0
ZINC000000057624,-6.0
ZINC000000057674,-9.2
ZINC000000061044,-7.2
ZINC000000073711,-6.7
ZINC000000074836,-6.2
ZINC000000074836,-6.2
ZINC000000074836,-6.2
ZINC000000075008,-6.5
ZINC000000075008,-6.6
ZINC000000075008,-5.8
ZINC000000075008,-6.6
ZINC000000075008,-6.4
ZINC000000075126,-9.4
ZINC000000075126,-9.4
ZINC000000075126,-8.5
ZINC000000075126,-9.3
ZINC000000075126,-8.5
ZINC000000083315,-6.7
ZINC000000083315,-6.7
ZINC000000083315,-6.7
ZINC000000083315,-6.7
ZINC000000083315,-6.8
ZINC000000083315,-6.7
ZINC000000085733,-7.2
ZINC000000085733,-7.2
ZINC000000085733,-7.2
ZINC000000086599,-6.3
ZINC000000086599,-6.8
ZINC000000086599,-6.7
ZINC000000086599,-6.8
ZINC000000086599,-6.5
ZINC000000086599,-6.6
ZINC000000086599,-6.7
ZINC000000086599,-6.8
ZINC000000089763,-7.8
ZINC000000089763,-7.3
ZINC000000089763,-7.9
ZINC000000089763,-7.4
ZINC000000097996,-6.6
ZINC000000097996,-6.5
ZINC000000097996,-6.7
ZINC000000105196,-6.6
ZINC000000105196,-6.6
ZINC000000105196,-6.6
ZINC000000105216,-8.2
ZINC000000105216,-8.3
ZINC000000113355,-6.1
ZINC000000113355,-6.0
ZINC000000113355,-5.9
ZINC000000113355,-6.1
ZINC000000113382,-7.0
ZINC000000113382,-6.9
ZINC000000113382,-6.8
ZINC000000113382,-6.8
ZINC000000113382,
ZINC000000113398,-7.1
ZINC000000113398,-7.2
ZINC000000113404,-6.7
ZINC000000113404,-7.7
ZINC000000113404,-6.7
ZINC000000113404,-7.7
ZINC000000113404,-7.8
ZINC000000113410,-6.8
ZINC000000113410,-6.7
ZINC000000113410,-6.8
ZINC000000113410,-6.8
ZINC000000113415,-7.0
ZINC000000113415,-7.1
ZINC000000113415,-6.6
ZINC000000113415,-7.1
ZINC000000113415,-7.0
ZINC000000113415,-7.1
ZINC000000113415,-7.1
ZINC000000113415,-7.0
ZINC000000113415,-7.0
ZINC000000113418,-7.3
ZINC000000113418,-7.4
ZINC000000113426,-7.5
ZINC000000113426,-7.5
ZINC000000113428,-7.2
ZINC000000113428,-7.2
ZINC000000113442,-5.2
ZINC000000113442,-5.2
ZINC000000113446,-5.9
ZINC000000113446,-5.8
ZINC000000113446,-5.8
ZINC000000113446,-5.8
ZINC000000113446,-5.1
ZINC000000114124,-4.5
ZINC000000114124,-4.5
ZINC000000114124,-4.4
ZINC000000114127,-4.2
ZINC000000114127,-4.2
ZINC000000114127,-4.2
ZINC000000119344,-7.1
ZINC000000119717,-8.4
ZINC000000119717,-8.3
ZINC000000119717,-8.1
ZINC000000119717,-8.3
ZINC000000119839,-7.2
ZINC000000119895,-5.9
ZINC000000119895,-5.8
ZINC000000119905,-8.0
ZINC000000119905,-8.0
ZINC000000119983,-8.7
ZINC000000119983,-8.7
ZINC000000119983,-7.5
ZINC000000119983,-7.6
ZINC000000120181,-8.9
ZINC000000120181,-7.6
ZINC000000120181,-7.7
ZINC000000120186,-8.1
ZINC000000120186,-8.6
ZINC000000120186,-7.8
ZINC000000120186,-7.3
ZINC000000120249,-6.1
ZINC000000120286,-8.1
ZINC000000120319,-7.1
ZINC000000120319,-7.2
ZINC000000121458,-6.5
ZINC000000121458,-6.7
ZINC000000121458,-6.5
ZINC000000121458,-6.6
ZINC000000121480,-8.6
ZINC000000121480,-8.6
ZINC000000121541,-8.6
ZINC000000121541,-8.8
ZINC000000121541,-8.8
ZINC000000121541,-8.7
ZINC000000121541,-8.6
ZINC000000121541,-8.7
ZINC000000121541,-8.5
ZINC000000121541,-8.6
ZINC000000125006,-6.4
ZINC000000125006,-6.4
ZINC000000125031,-9.5
ZINC000000125031,-9.3
ZINC000000129343,-6.3
ZINC000000129343,-6.5
ZINC000000129343,-6.5
ZINC000000136138,-7.7
ZINC000000136138,-8.1
ZINC000000137884,-6.2
ZINC000000137884,-6.2
ZINC000000137884,-6.9
ZINC000000154957,-6.1
ZINC000000154957,-6.1
ZINC000000154957,-6.1
ZINC000000154964,-8.0
ZINC000000154964,-8.1
ZINC000000154964,-7.7
ZINC000000154964,-7.9
ZINC000000154964,-8.1
ZINC000000154964,-7.4
ZINC000000154964,-7.0
ZINC000000155269,-7.0
ZINC000000155269,-7.0
ZINC000000155269,-6.9
ZINC000000155269,-7.0
ZINC000000155269,-7.0
ZINC000000155269,-7.0
ZINC000000155269,-7.0
ZINC000000155269,-6.9
ZINC000000155269,-7.0
ZINC000000155269,-7.1
ZINC000000155269,-7.0
ZINC000000155531,-7.0
ZINC000000155531,-7.0
ZINC000000155531,-6.8
ZINC000000155531,-6.7
ZINC000000155531,-7.1
ZINC000000155531,-7.1
ZINC000000155531,-7.1
ZINC000000155531,-6.7
ZINC000000155531,-7.1
ZINC000000155531,-7.1
ZINC000000155531,-7.1
ZINC000000155531,-7.0
ZINC000000155531,-7.1
ZINC000000155694,-5.1
ZINC000000155694,-5.1
ZINC000000155694,-4.8
ZINC000000155694,-4.9
ZINC000000155905,-4.7
ZINC000000155905,-4.8
ZINC000000155905,-4.8
ZINC000000155905,-4.8
ZINC000000155905,-4.8
ZINC000000155905,-4.5
ZINC000000156395,-7.5
ZINC000000156395,-7.6
ZINC000000156395,-7.5
ZINC000000156395,-7.5
ZINC000000156792,-7.0
ZINC000000156792,-6.8
ZINC000000156792,-7.6
ZINC000000156792,-7.4
ZINC000000156792,-7.0
ZINC000000156792,-7.0
ZINC000000156792,-7.0
ZINC000000156792,-7.0
ZINC000000156792,-6.9
ZINC000000156792,-6.8
ZINC000000156792,-7.4
ZINC000000156792,-6.9
ZINC000000156792,-6.8
ZINC000000156822,-4.6
ZINC000000157458,-6.1
ZINC000000164000,-4.3
ZINC000000266964,-6.7
ZINC000000266964,-6.7
ZINC000000266964,-6.8
ZINC000000347886,-8.4
ZINC000000388081,-4.2
ZINC000000388081,-4.1
ZINC000000388462,-5.7
ZINC000000389149,-7.4
ZINC000000389149,-7.6
ZINC000000389149,-7.6
ZINC000000389149,-7.5
ZINC000000389149,-7.5
ZINC000000389149,-7.1
ZINC000000389149,-7.5
ZINC000000389747,-7.2
ZINC000000391812,-6.0
ZINC000000391812,-5.9
ZINC000000394284,-5.9
ZINC000000394284,-5.8
ZINC000000394284,-5.7
ZINC000000395010,-6.5
ZINC000000395010,-6.5
ZINC000000402830,-7.6
ZINC000000402830,-8.3
ZINC000000402830,-7.6
ZINC000000402830,-8.3
ZINC000000402830,-7.7
ZINC000000402830,-7.5
ZINC000000402830,-7.5
ZINC000000402830,-7.6
ZINC000000402830,-7.6
ZINC000000402848,-7.4
ZINC000000402909,-8.3
ZINC000000402909,-8.2
ZINC000000402909,-8.3
ZINC000000402909,-8.2
ZINC000000402954,-7.2
ZINC000000402979,-6.2
ZINC000000402979,-7.2
ZINC000000402979,-7.6
ZINC000000402979,-7.5
ZINC000000402979,-7.6
ZINC000000402979,-7.4
ZINC000000402979,-6.6
ZINC000000402979,-7.4
ZINC000000402980,-6.8
ZINC000000402980,-6.9
ZINC000000402980,-7.0
ZINC000000402980,-6.9
ZINC000000402980,-6.8
ZINC000000402980,-7.0
ZINC000000402980,-6.9
ZINC000000402980,-6.1
ZINC000000402980,-6.7
ZINC000000402981,-6.7
ZINC000000402981,-6.8
ZINC000000402981,-6.6
ZINC000000402981,-6.8
ZINC000000402981,-6.6
ZINC000000402981,-6.8
ZINC000000402981,-6.7
ZINC000000402981,-6.6
ZINC000000402981,-6.6
ZINC000000402981,-6.6
ZINC000000403010,-8.7
ZINC000000403010,-8.5
ZINC000000403010,-8.4
ZINC000000403010,-8.7
ZINC000000403010,-8.5
ZINC000000403010,-8.7
ZINC000000403010,-8.4
ZINC000000403010,-8.7
ZINC000000403010,-8.6
ZINC000000403010,-8.7
ZINC000000403010,-8.6
ZINC000000403010,-8.5
ZINC000000403010,-8.6
ZINC000000403010,-8.3
ZINC000000403011,-8.7
ZINC000000403011,-8.7
ZINC000000403011,-8.8
ZINC000000403011,-8.8
ZINC000000403011,-8.8
ZINC000000403011,-8.6
ZINC000000403011,-8.6
ZINC000000403011,-8.7
ZINC000000403011,-8.8
ZINC000000403011,-8.7
ZINC000000403011,-8.8
ZINC000000403011,-8.7
ZINC000000403011,-8.7
ZINC000000403011,-8.7
ZINC000000403011,-8.8
ZINC000000403011,-8.8
ZINC000000403079,-6.5
ZINC000000403079,-6.5
ZINC000000403079,-6.5
ZINC000000403079,-6.5
ZINC000000403079,-6.5
ZINC000000403079,-6.5
ZINC000000403079,-6.5
ZINC000000403529,-7.6
ZINC000000403529,-8.0
ZINC000000403533,-7.5
ZINC000000403566,-8.9
ZINC000000403566,-9.2
ZINC000000403566,-10.0
ZINC000000403566,-7.9
ZINC000000403567,-5.6
ZINC000000403609,-6.8
ZINC000000403609,-6.8
ZINC000000403609,-6.7
ZINC000000403609,-6.8
ZINC000000403609,-6.9
ZINC000000403609,-6.9
ZINC000000403618,-5.1
ZINC000000403618,-5.0
ZINC000000403618,-5.0
ZINC000000403682,-7.7
ZINC000000403682,-7.5
ZINC000000403682,-7.5
ZINC000000403682,-7.4
ZINC000000403682,-7.3
ZINC000000405331,-7.9
ZINC000000405331,-8.3
ZINC000000405331,-7.9
ZINC000000405331,-8.2
ZINC000000405331,-8.0
ZINC000000490791,-8.4
ZINC000000491073,-7.1
ZINC000000508068,-7.2
ZINC000000508068,-7.3
ZINC000000508068,-7.3
ZINC000000508068,-7.2
ZINC000000508068,-6.8
ZINC000000509440,-8.1
ZINC000000509440,-8.0
ZINC000000518554,-7.0
ZINC000000518554,-7.1
ZINC000000518554,-7.9
ZINC000000518554,-6.6
ZINC000000518554,-6.3
ZINC000000518554,-6.5
ZINC000000523925,-8.4
ZINC000000523925,-8.2
ZINC000000523925,-8.1
ZINC000000523925,-8.1
ZINC000000523926,-8.2
ZINC000000523926,-8.3
ZINC000000523926,-8.5
ZINC000000523926,-8.2
ZINC000000523926,-8.3
ZINC000000523926,-8.1
ZINC000000527386,-9.0
ZINC000000527386,-8.8
ZINC000000527386,-9.4
ZINC000000527386,-8.6
ZINC000000527386,-9.2
ZINC000000527386,-8.6
ZINC000000527386,-9.0
ZINC000000527386,-9.3
ZINC000000527386,-8.5
ZINC000000527386,-8.7
ZINC000000531272,-6.6
ZINC000000531272,-6.5
ZINC000000531272,-6.4
ZINC000000531272,-6.6
ZINC000000537752,-7.7
ZINC000000537752,-8.0
ZINC000000537752,-7.8
ZINC000000537752,-7.9
ZINC000000537752,-7.6
ZINC000000537752,-7.6
ZINC000000537752,-7.6
ZINC000000537752,-7.8
ZINC000000537752,-8.0
ZINC000000537752,-7.3
ZINC000000537752,-7.8
ZINC000000537752,-7.6
ZINC000000537755,-9.5
ZINC000000537755,-9.0
ZINC000000537755,-8.9
ZINC000000537755,-9.5
ZINC000000537755,-10.0
ZINC000000537755,-9.5
ZINC000000537755,-9.3
ZINC000000537755,-9.9
ZINC000000537755,-9.6
ZINC000000537755,-9.8
ZINC000000537755,-10.4
ZINC000000537755,-9.4
ZINC000000537755,-9.5
ZINC000000537755,-9.8
ZINC000000537755,-9.3
ZINC000000537755,-10.3
ZINC000000537791,-10.5
ZINC000000537791,-10.8
ZINC000000537791,-10.4
ZINC000000537791,-10.7
ZINC000000537791,-10.8
ZINC000000537791,-10.3
ZINC000000537791,-10.9
ZINC000000537791,-10.5
ZINC000000537791,-10.2
ZINC000000537791,-10.5
ZINC000000537791,-10.2
ZINC000000537791,-10.9
ZINC000000537791,-10.7
ZINC000000537791,-10.2
ZINC000000537791,-10.6
ZINC000000537791,-10.4
ZINC000000537791,-10.6
ZINC000000537795,-9.8
ZINC000000537795,-10.0
ZINC000000537795,-9.8
ZINC000000537795,-9.8
ZINC000000537795,-9.7
ZINC000000537795,-9.7
ZINC000000537795,-9.7
ZINC000000537795,-9.9
ZINC000000537795,-9.5
ZINC000000537795,-9.5
ZINC000000537795,-9.6
ZINC000000537805,-9.5
ZINC000000537805,-9.6
ZINC000000537805,-9.6
ZINC000000537805,-9.5
ZINC000000537805,-9.7
ZINC000000537805,-9.6
ZINC000000537805,-9.5
ZINC000000537805,-9.7
ZINC000000537805,-9.7
ZINC000000537805,-9.5
ZINC000000537805,-9.6
ZINC000000537805,
ZINC000000537805,-9.6
ZINC000000537805,-9.7
ZINC000000537805,-9.6
ZINC000000537805,-9.5
ZINC000000537805,-9.5
ZINC000000537805,-9.7
ZINC000000537811,-8.6
ZINC000000537811,-8.6
ZINC000000537811,-7.9
ZINC000000537811,-8.3
ZINC000000537822,-9.1
ZINC000000537822,-8.9
ZINC000000537822,-9.0
ZINC000000537822,-8.9
ZINC000000537822,-10.2
ZINC000000537822,-9.2
ZINC000000537822,-10.3
ZINC000000537822,-9.5
ZINC000000537822,-9.0
ZINC000000537822,-10.3
ZINC000000537822,-9.4
ZINC000000537822,-10.2
ZINC000000537822,-8.9
ZINC000000537822,-9.3
ZINC000000537822,-9.5
ZINC000000537822,-9.5
ZINC000000537891,-8.6
ZINC000000537891,-8.0
ZINC000000537928,-8.0
ZINC000000537928,-8.6
ZINC000000537928,-8.3
ZINC000000537928,-8.1
ZINC000000537928,-8.3
ZINC000000537928,-7.1
ZINC000000537928,-8.9
ZINC000000537928,-9.0
ZINC000000537928,-8.8
ZINC000000537928,-7.6
ZINC000000537928,-9.0
ZINC000000537928,-8.6
ZINC000000537928,-8.6
ZINC000000537928,-8.5
ZINC000000537928,-8.1
ZINC000000537928,-8.8
ZINC000000537928,-8.3
ZINC000000537928,-8.9
ZINC000000537928,-8.4
ZINC000000537931,-8.6
ZINC000000537931,-8.4
ZINC000000537931,-9.2
ZINC000000537931,-9.0
ZINC000000537931,-8.7
ZINC000000537931,-9.1
ZINC000000537940,-10.2
ZINC000000537940,-10.6
ZINC000000537940,-10.9
ZINC000000537940,-10.3
ZINC000000537940,-10.2
ZINC000000537940,-9.6
ZINC000000537940,-10.2
ZINC000000537940,-10.6
ZINC000000537940,-10.6
ZINC000000537957,-7.1
ZINC000000537957,-6.9
ZINC000000537957,-7.1
ZINC000000537957,-7.8
ZINC000000537957,-7.4
ZINC000000537957,-7.4
ZINC000000537957,-7.3
ZINC000000537957,-7.8
ZINC000000537957,-7.1
ZINC000000537957,-7.5
ZINC000000537957,-7.5
ZINC000000537957,-7.5
ZINC000000537957,-6.9
ZINC000000537957,
ZINC000000537964,-9.0
ZINC000000537964,-9.1
ZINC000000537964,-8.8
ZINC000000537964,-8.9
ZINC000000537964,-9.1
ZINC000000537964,-9.3
ZINC000000538065,-9.3
ZINC000000538065,-9.5
ZINC000000538065,-9.7
ZINC000000538065,-9.6
ZINC000000538065,-9.3
ZINC000000538065,-9.3
ZINC000000538065,-9.3
ZINC000000538065,-9.2
ZINC000000538065,-9.7
ZINC000000538065,-9.5
ZINC000000538065,-9.5
ZINC000000538065,-9.5
ZINC000000538065,-9.7
ZINC000000538065,-9.7
ZINC000000538065,-9.2
ZINC000000538065,-9.3
ZINC000000538159,-8.5
ZINC000000538159,-8.6
ZINC000000538159,-8.5
ZINC000000538159,-8.7
ZINC000000538159,-8.2
ZINC000000538159,-8.3
ZINC000000538159,-8.6
ZINC000000538159,-8.6
ZINC000000538159,-8.3
ZINC000000538159,-8.3
ZINC000000538198,-8.6
ZINC000000538198,-8.9
ZINC000000538198,-8.4
ZINC000000538198,-8.9
ZINC000000538198,-8.7
ZINC000000538198,-8.3
ZINC000000538198,-8.2
ZINC000000538198,-8.1
ZINC000000538198,-8.2
ZINC000000538198,-8.9
ZINC000000538198,-8.1
ZINC000000538198,-9.0
ZINC000000538198,-8.8
ZINC000000538198,-8.7
ZINC000000538266,-8.3
ZINC000000538266,-7.5
ZINC000000538266,-8.2
ZINC000000538266,-8.3
ZINC000000538266,-7.4
ZINC000000538266,
ZINC000000538266,-7.4
ZINC000000538266,-7.5
ZINC000000538273,-7.8
ZINC000000538273,-8.1
ZINC000000538275,-8.7
ZINC000000538275,-8.8
ZINC000000538275,-8.6
ZINC000000538275,-8.6
ZINC000000538275,-8.7
ZINC000000538275,-8.6
ZINC000000538275,-8.7
ZINC000000538283,-6.5
ZINC000000538283,-6.9
ZINC000000538283,-6.9
ZINC000000538283,-7.0
ZINC000000538283,-6.3
ZINC000000538283,-6.6
ZINC000000538283,-7.5
ZINC000000538283,-6.5
ZINC000000538283,-6.4
ZINC000000538283,-6.7
ZINC000000538283,-6.4
ZINC000000538283,-7.1
ZINC000000538283,-6.6
ZINC000000538283,-6.5
ZINC000000538283,-7.2
ZINC000000538283,-6.7
ZINC000000538283,-6.5
ZINC000000538283,-7.4
ZINC000000538283,-7.1
ZINC000000538312,-10.2
ZINC000000538312,-11.3
ZINC000000538312,-11.3
ZINC000000538312,-10.5
ZINC000000538312,-11.7
ZINC000000538312,-11.5
ZINC000000538312,-11.4
ZINC000000538312,-11.0
ZINC000000538312,-10.9
ZINC000000538312,-10.7
ZINC000000538312,-10.4
ZINC000000538312,-11.1
ZINC000000538312,-10.6
ZINC000000538312,-11.2
ZINC000000538312,-10.6
ZINC000000538312,-11.1
ZINC000000538312,-11.8
ZINC000000538337,-9.5
ZINC000000538337,-9.8
ZINC000000538337,-9.9
ZINC000000538337,-9.7
ZINC000000538337,-9.8
ZINC000000538337,-9.5
ZINC000000538337,-9.5
ZINC000000538337,-9.8
ZINC000000538337,-9.6
ZINC000000538337,-9.9
ZINC000000538337,-9.5
ZINC000000538337,-9.3
ZINC000000538337,-9.6
ZINC000000538362,-9.2
ZINC000000538362,-8.3
ZINC000000538386,-7.6
ZINC000000538386,-7.7
ZINC000000538386,-7.5
ZINC000000538386,-7.7
ZINC000000538386,-7.2
ZINC000000538386,-7.3
ZINC000000538386,-7.7
ZINC000000538386,-7.5
ZINC000000538386,-7.7
ZINC000000538386,-7.6
ZINC000000538386,-7.2
ZINC000000538386,-7.6
ZINC000000538386,-7.7
ZINC000000538386,-7.6
ZINC000000538386,-7.9
ZINC000000538386,-7.3
ZINC000000538386,-7.0
ZINC000000538386,-7.2
ZINC000000538415,-11.4
ZINC000000538415,-11.0
ZINC000000538483,-9.5
ZINC000000538483,-9.4
ZINC000000538483,-9.8
ZINC000000538483,-9.5
ZINC000000538483,-9.6
ZINC000000538483,-9.3
ZINC000000538483,-9.5
ZINC000000538483,-9.8
ZINC000000538483,-9.9
ZINC000000538483,-9.3
ZINC000000538483,-9.8
ZINC000000538483,-9.3
ZINC000000538483,-9.5
ZINC000000538483,-9.3
ZINC000000538483,-9.6
ZINC000000538483,-9.6
ZINC000000538483,-9.5
ZINC000000538483,-9.3
ZINC000000538507,-8.6
ZINC000000538507,-8.4
ZINC000000538507,-8.5
ZINC000000538509,-8.0
ZINC000000538509,-8.0
ZINC000000538509,-8.0
ZINC000000538509,-8.0
ZINC000000538550,-9.7
ZINC000000538550,-10.4
ZINC000000538550,-10.3
ZINC000000538550,-10.1
ZINC000000538550,-9.2
ZINC000000538550,-10.3
ZINC000000538550,-10.3
ZINC000000538550,-9.8
ZINC000000538550,-10.1
ZINC000000538550,-9.5
ZINC000000538550,-10.2
ZINC000000538550,-10.1
ZINC000000538550,-10.0
ZINC000000538550,-9.9
ZINC000000538564,-9.3
ZINC000000538564,-9.3
ZINC000000538564,-9.3
ZINC000000538564,-9.2
ZINC000000538564,-9.4
ZINC000000538564,-9.3
ZINC000000538564,-9.4
ZINC000000538564,-9.3
ZINC000000538564,-9.4
ZINC000000538564,-9.3
ZINC000000538564,
ZINC000000538621,-8.3
ZINC000000538621,-8.7
ZINC000000538621,-9.2
ZINC000000538621,-9.0
ZINC000000538621,-8.0
ZINC000000538621,-8.2
ZINC000000538621,-9.1
ZINC000000538621,-9.4
ZINC000000538621,-9.2
ZINC000000538621,-8.3
ZINC000000538627,-7.6
ZINC000000538627,-7.5
ZINC000000538627,-7.6
ZINC000000538627,-7.7
ZINC000000538627,-7.4
ZINC000000538627,-7.5
ZINC000000538627,-7.7
ZINC000000538658,-8.6
ZINC000000538658,-8.5
ZINC000000538658,-10.3
ZINC000000538658,-9.7
ZINC000000538658,-10.1
ZINC000000538658,-8.5
ZINC000000538658,-10.3
ZINC000000538658,-10.4
ZINC000000538658,-8.3
ZINC000000538658,-10.8
ZINC000000538658,-10.5
ZINC000000538658,-10.1
ZINC000000538658,-11.3
ZINC000000538658,-9.7
ZINC000000579472,-8.1
ZINC000000579472,-7.6
ZINC000000579472,-8.1
ZINC000000579472,-7.5
ZINC000000579472,-7.6
ZINC000000579472,-8.2
ZINC000000584092,-8.5
ZINC000000584092,-8.6
ZINC000000584092,-8.2
ZINC000000584092,-8.4
ZINC000000584092,-8.6
ZINC000000584092,-9.0
ZINC000000584092,-8.7
ZINC000000584092,-9.0
ZINC000000584092,-8.6
ZINC000000584092,-8.6
ZINC000000584092,-8.6
ZINC000000586239,-8.6
ZINC000000586239,-8.2
ZINC000000586239,-9.0
ZINC000000586239,-7.8
ZINC000000586239,-8.6
ZINC000000586239,-7.7
ZINC000000586239,-9.1
ZINC000000586239,-8.4
ZINC000000586239,-9.7
ZINC000000586239,-9.1
ZINC000000586239,-7.9
ZINC000000586239,-9.0
ZINC000000586239,-7.7
ZINC000000586239,-8.2
ZINC000000586239,-7.5
ZINC000000586239,-8.6
ZINC000000586239,-7.1
ZINC000000586239,-8.9
ZINC000000586584,-4.8
ZINC000000586584,-4.8
ZINC000000587541,-8.1
ZINC000000587541,-8.3
ZINC000000587541,-9.2
ZINC000000591993,-6.8
ZINC000000591993,-6.8
ZINC000000591993,-6.8
ZINC000000591993,-6.8
ZINC000000591993,-6.8
ZINC000000592419,-8.1
ZINC000000592419,-8.9
ZINC000000592419,-8.6
ZINC000000592419,-9.0
ZINC000000592419,-8.6
ZINC000000592419,-8.6
ZINC000000592419,-9.0
ZINC000000592419,-8.1
ZINC000000596731,-8.0
ZINC000000596731,-8.3
ZINC000000596731,-8.5
ZINC000000596731,-8.2
ZINC000000596731,-8.1
ZINC000000596731,-8.2
ZINC000000596731,-8.4
ZINC000000596731,-8.3
ZINC000000596731,-8.4
ZINC000000596731,-8.4
ZINC000000596731,-8.2
ZINC000000596731,
ZINC000000596731,-8.2
ZINC000000596731,-8.1
ZINC000000596731,-8.1
ZINC000000596881,-8.1
ZINC000000596881,-7.5
ZINC000000596881,-8.0
ZINC000000596881,-8.2
ZINC000000596881,-7.5
ZINC000000596881,-7.5
ZINC000000596881,-8.2
ZINC000000596881,-8.1
ZINC000000596881,-8.0
ZINC000000596881,-8.1
ZINC000000596881,-8.2
ZINC000000596881,-8.2
ZINC000000596881,-8.1
ZINC000000596881,-8.2
ZINC000000597013,-10.0
ZINC000000597013,-10.0
ZINC000000597013,-9.7
ZINC000000597013,-8.6
ZINC000000597013,-9.0
ZINC000000597013,-10.0
ZINC000000597013,-9.4
ZINC000000597013,-9.9
ZINC000000597013,-9.4
ZINC000000597013,-10.0
ZINC000000597013,-9.3
ZINC000000597013,-10.0
ZINC000000597013,-9.8
ZINC000000597260,-6.6
ZINC000000597260,-6.5
ZINC000000597260,-6.5
ZINC000000597260,-6.6
ZINC000000597260,-6.7
ZINC000000597260,-6.6
ZINC000000597434,-10.3
ZINC000000597434,-9.4
ZINC000000597434,-10.6
ZINC000000597434,-8.7
ZINC000000597434,-8.5
ZINC000000597556,-7.3
ZINC000000597556,-7.0
ZINC000000597556,-6.7
ZINC000000597556,-6.8
ZINC000000597556,-7.4
ZINC000000597556,-7.0
ZINC000000598829,-10.6
ZINC000000598829,-9.9
ZINC000000598829,-9.9
ZINC000000598829,-10.4
ZINC000000598829,-9.6
ZINC000000598829,-9.5
ZINC000000598829,-9.2
ZINC000000598829,-10.6
ZINC000000598829,-10.6
ZINC000000598829,-10.0
ZINC000000598829,-9.3
ZINC000000598852,-8.4
ZINC000000598852,-8.4
ZINC000000599734,-8.3
ZINC000000599734,-8.5
ZINC000000599734,-8.2
ZINC000000599734,-8.0
ZINC000000599734,-8.5
ZINC000000599734,-7.7
ZINC000000599985,-4.1
ZINC000000600803,-6.7
ZINC000000600803,-6.8
ZINC000000600803,-6.7
ZINC000000600803,-6.8
ZINC000000600803,-6.8
ZINC000000600803,-6.6
ZINC000000600803,-6.7
ZINC000000600803,-6.7
ZINC000000600803,-6.8
ZINC000000600803,-6.8
ZINC000000601229,-8.8
ZINC000000601229,-11.4
ZINC000000601229,-10.8
ZINC000000601229,-10.7
ZINC000000601229,-8.6
ZINC000000601229,-9.0
ZINC000000601250,-7.6
ZINC000000601250,-7.3
ZINC000000601250,-7.9
ZINC000000601250,-7.7
ZINC000000601250,-8.0
ZINC000000601250,-7.9
ZINC000000601250,-7.9
ZINC000000601250,-7.9
ZINC000000601250,-7.9
ZINC000000601250,-7.8
ZINC000000601250,-7.4
ZINC000000601250,-7.8
ZINC000000601250,-7.4
ZINC000000601250,-7.8
ZINC000000601250,-7.9
ZINC000000601250,-7.8
ZINC000000601253,-8.1
ZINC000000601253,-8.2
ZINC000000601253,-8.3
ZINC000000601253,-8.1
ZINC000000601253,-8.2
ZINC000000601253,-8.3
ZINC000000601253,-8.0
ZINC000000601254,-8.3
ZINC000000601254,-8.3
ZINC000000601254,-8.7
ZINC000000601254,-7.9
ZINC000000601254,-8.6
ZINC000000601254,-7.7
ZINC000000601255,-7.4
ZINC000000601255,-7.3
ZINC000000601255,-7.4
ZINC000000601255,-7.5
ZINC000000601255,-7.5
ZINC000000601255,
ZINC000000601255,
ZINC000000601255,-7.4
ZINC000000601255,-7.3
ZINC000000601255,-7.4
ZINC000000601255,-7.2
ZINC000000601255,-7.4
ZINC000000601255,-7.6
ZINC000000601255,-7.4
ZINC000000601270,-9.4
ZINC000000601270,-9.3
ZINC000000601270,-8.9
ZINC000000601270,-9.4
ZINC000000601270,-9.7
ZINC000000601270,-8.7
ZINC000000601270,-8.9
ZINC000000601270,-9.3
ZINC000000601270,-10.3
ZINC000000601270,-9.5
ZINC000000601270,-9.2
ZINC000000601270,-9.0
ZINC000000601270,-9.0
ZINC000000601270,-8.8
ZINC000000601270,-9.1
ZINC000000601272,-8.2
ZINC000000601272,-8.1
ZINC000000601272,-8.1
ZINC000000601272,-8.2
ZINC000000601272,-7.7
ZINC000000601272,
ZINC000000601272,-8.1
ZINC000000601272,-7.4
ZINC000000601272,-8.2
ZINC000000601272,-8.3
ZINC000000601272,-9.2
ZINC000000601272,-7.8
ZINC000000601272,-9.5
ZINC000000601272,-9.5
ZINC000000601272,-7.7
ZINC000000601272,-7.7
ZINC000000601273,-7.8
ZINC000000601273,-7.9
ZINC000000601273,-7.7
ZINC000000601273,-7.9
ZINC000000601273,-7.7
ZINC000000601273,-7.9
ZINC000000601274,-10.1
ZINC000000601274,-10.7
ZINC000000601274,-10.7
ZINC000000601274,-11.1
ZINC000000601274,-11.1
ZINC000000601274,-8.8
ZINC000000601274,-10.4
ZINC000000601274,-10.7
ZINC000000601274,-10.8
ZINC000000601274,-11.2
ZINC000000601274,-10.5
ZINC000000601274,-9.9
ZINC000000601274,-10.5
ZINC000000601274,-10.8
ZINC000000601274,-10.6
ZINC000000601274,-10.8
ZINC000000601274,-10.7
ZINC000000601275,-11.0
ZINC000000601275,-10.9
ZINC000000601275,-10.6
ZINC000000601275,-10.6
ZINC000000601275,-9.4
ZINC000000601275,-11.0
ZINC000000601281,-7.5
ZINC000000601281,-7.8
ZINC000000601281,-7.7
ZINC000000601281,-7.6
ZINC000000601281,-7.2
ZINC000000601281,-7.4
ZINC000000601281,-7.1
ZINC000000601281,-8.1
ZINC000000601281,-7.5
ZINC000000601281,-7.5
ZINC000000601281,-7.9
ZINC000000601281,-7.5
ZINC000000601281,-7.5
ZINC000000601281,-7.3
ZINC000000601281,-7.8
ZINC000000601281,-7.6
ZINC000000601281,-7.7
ZINC000000601281,-7.5
ZINC000000601281,-7.4
ZINC000000601283,-8.0
ZINC000000601283,-8.1
ZINC000000601283,-8.5
ZINC000000601283,-7.9
ZINC000000601283,-7.7
ZINC000000601283,-7.7
ZINC000000601288,-8.0
ZINC000000601288,-8.4
ZINC000000601291,-7.5
ZINC000000601291,-7.4
ZINC000000601291,-7.2
ZINC000000601293,
ZINC000000601293,-8.9
ZINC000000601293,-8.7
ZINC000000601293,-8.8
ZINC000000601293,-8.9
ZINC000000601293,-9.0
ZINC000000601293,-9.2
ZINC000000601293,-9.0
ZINC000000601293,-8.9
ZINC000000601301,-9.1
ZINC000000601301,-8.9
ZINC000000601301,-9.0
ZINC000000601301,-8.5
ZINC000000601301,-9.1
ZINC000000601301,-9.2
ZINC000000601305,-8.6
ZINC000000601305,-8.6
ZINC000000601305,-8.5
ZINC000000601305,-8.6
ZINC000000601305,-8.1
ZINC000000601305,-8.6
ZINC000000601305,-8.5
ZINC000000601316,-8.1
ZINC000000601316,-8.2
ZINC000000601316,-7.9
ZINC000000601316,-8.0
ZINC000000601316,-8.2
ZINC000000601317,-8.8
ZINC000000601317,-9.1
ZINC000000601317,-8.9
ZINC000000601317,-8.8
ZINC000000601317,-8.7
ZINC000000601317,-8.5
ZINC000000601317,-8.3
ZINC000000601317,-9.1
ZINC000000601317,-7.9
ZINC000000601317,-9.0
ZINC000000601317,-9.0
ZINC000000601317,-8.4
ZINC000000601317,-9.2
ZINC000000601317,-8.6
ZINC000000601317,-8.4
ZINC000000602128,-8.1
ZINC000000602128,-8.1
ZINC000000602128,-7.6
ZINC000000602128,-7.9
ZINC000000602128,-8.7
ZINC000000602128,-7.6
ZINC000000602128,-8.5
ZINC000000602128,-8.8
ZINC000000602128,
ZINC000000602128,-8.1
ZINC000000602128,-8.1
ZINC000000602128,-7.6
ZINC000000602128,-7.5
ZINC000000602128,-8.0
ZINC000000602128,-8.8
ZINC000000602128,-8.2
ZINC000000602632,-8.6
ZINC000000602632,-9.4
ZINC000000602632,-8.6
ZINC000000602632,-8.2
ZINC000000602632,-8.2
ZINC000000602632,-8.3
ZINC000000606383,-8.9
ZINC000000606383,-8.0
ZINC000000606383,-8.9
ZINC000000606383,-8.2
ZINC000000606383,-8.8
ZINC000000606383,-8.7
ZINC000000606383,-8.4
ZINC000000606383,-8.2
ZINC000000606383,-8.4
ZINC000000606383,-8.5
ZINC000000606383,-8.3
ZINC000000606383,-8.7
ZINC000000607790,-6.8
ZINC000000607790,-7.5
ZINC000000607849,-8.8
ZINC000000607849,-9.1
ZINC000000607849,-9.3
ZINC000000607849,-8.6
ZINC000000607849,-8.8
ZINC000000607849,-9.1
ZINC000000607849,-9.5
ZINC000000607849,-9.1
ZINC000000607849,-9.2
ZINC000000607849,-8.6
ZINC000000607849,-8.7
ZINC000000607849,-8.8
ZINC000000607849,-9.3
ZINC000000607849,-8.6
ZINC000000607872,-8.7
ZINC000000607872,-9.0
ZINC000000607872,-9.3
ZINC000000607872,-9.2
ZINC000000607872,-8.0
ZINC000000607872,-9.1
ZINC000000607872,-9.1
ZINC000000607872,-9.3
ZINC000000607872,-9.4
ZINC000000607872,-9.2
ZINC000000607872,-9.1
ZINC000000607872,-9.2
ZINC000000607872,
ZINC000000607872,-9.1
ZINC000000607872,-9.2
ZINC000000607872,-8.0
ZINC000000607872,-9.1
ZINC000000607872,-8.2
ZINC000000607872,-9.4
ZINC000000607900,-8.6
ZINC000000607900,-8.5
ZINC000000607900,-8.6
ZINC000000607900,-8.1
ZINC000000607900,-8.7
ZINC000000607900,-8.6
ZINC000000607900,-8.5
ZINC000000607900,-8.1
ZINC000000607900,-8.6
ZINC000000607900,-8.7
ZINC000000607900,-8.8
ZINC000000607900,-8.2
ZINC000000607900,-7.9
ZINC000000607900,-8.5
ZINC000000607934,-7.7
ZINC000000607934,-7.5
ZINC000000607934,-7.4
ZINC000000607934,-7.4
ZINC000000607934,-7.4
ZINC000000607934,-7.5
ZINC000000607934,-7.5
ZINC000000607934,-7.5
ZINC000000607934,-7.7
ZINC000000607934,-7.5
ZINC000000607939,-7.1
ZINC000000607939,-7.2
ZINC000000607939,-7.4
ZINC000000607939,
ZINC000000607939,
ZINC000000607939,-7.4
ZINC000000607971,-8.3
ZINC000000607971,-7.8
ZINC000000607971,-8.5
ZINC000000607971,-8.6
ZINC000000607971,-7.8
ZINC000000607971,-7.8
ZINC000000607971,-7.8
ZINC000000607971,-8.5
ZINC000000607971,-7.7
ZINC000000607971,-8.6
ZINC000000607971,-7.8
ZINC000000607971,-8.6
ZINC000000607986,-10.5
ZINC000000607986,-10.5
ZINC000000607986,-10.5
ZINC000000607986,-10.5
ZINC000000607986,-10.5
ZINC000000607986,-9.7
ZINC000000607986,-10.5
ZINC000000607986,-10.5
ZINC000000607986,-9.7
ZINC000000607986,-9.6
ZINC000000607986,-10.0
ZINC000000607986,-10.5
ZINC000000607986,-10.2
ZINC000000607986,-10.5
ZINC000000607986,-10.5
ZINC000000607986,-10.3
ZINC000000607986,-10.4
ZINC000000608101,-7.7
ZINC000000608101,-7.1
ZINC000000608101,-7.1
ZINC000000608101,-7.1
ZINC000000608101,-7.8
ZINC000000608101,-7.8
ZINC000000608101,-7.8
ZINC000000608101,-7.1
ZINC000000608101,-7.2
ZINC000000608101,-7.7
ZINC000000608101,-7.7
ZINC000000608101,-7.7
ZINC000000608101,-7.2
ZINC000000608101,-7.1
ZINC000000608106,-7.7
ZINC000000608106,-7.9
ZINC000000608106,-8.6
ZINC000000608106,-8.7
ZINC000000608117,-7.2
ZINC000000608117,-7.1
ZINC000000608117,-7.3
ZINC000000608117,-7.2
ZINC000000608117,-7.3
ZINC000000608117,-7.3
ZINC000000608117,-6.6
ZINC000000608117,-7.0
ZINC000000608172,-9.4
ZINC000000608172,-9.1
ZINC000000608172,-9.1
ZINC000000608172,-9.1
ZINC000000608172,-9.1
ZINC000000608172,-9.3
ZINC000000608172,-8.6
ZINC000000608172,-9.3
ZINC000000608179,-8.2
ZINC000000608179,-8.4
ZINC000000608179,-8.2
ZINC000000608179,-8.3
ZINC000000608179,-8.2
ZINC000000608179,-8.0
ZINC000000608179,-8.4
ZINC000000608179,-8.2
ZINC000000608179,-7.9
ZINC000000608179,-8.3
ZINC000000608179,-7.9
ZINC000000608220,-8.0
ZINC000000608220,-7.2
ZINC000000608220,-7.7
ZINC000000608220,-7.7
ZINC000000608220,-7.4
ZINC000000608220,-7.8
ZINC000000608266,-9.4
ZINC000000608266,-8.9
ZINC000000608266,-9.0
ZINC000000608266,-9.2
ZINC000000608266,-9.3
ZINC000000608266,-9.3
ZINC000000608266,-9.0
ZINC000000608266,-9.1
ZINC000000608266,-8.9
ZINC000000608266,-9.3
ZINC000000608266,-8.9
ZINC000000608266,-9.0
ZINC000000608266,-9.8
ZINC000000608266,-8.5
ZINC000000608266,-9.8
ZINC000000608266,-8.8
ZINC000000608266,-8.7
ZINC000000608266,-9.1
ZINC000000608266,-9.1
ZINC000000608382,-9.1
ZINC000000608382,-9.1
ZINC000000608382,-9.9
ZINC000000608382,-9.1
ZINC000000608382,-9.6
ZINC000000608382,-9.9
ZINC000000608382,-9.2
ZINC000000608382,-9.4
ZINC000000608382,-10.0
ZINC000000608382,-9.1
ZINC000000608382,-9.2
ZINC000000608382,-10.0
ZINC000000621853,-6.3
ZINC000000621853,-7.4
ZINC000000621893,-7.1
ZINC000000621893,-6.9
ZINC000000621893,-6.8
ZINC000000621893,-7.2
ZINC000000621893,-7.3
ZINC000000621893,-6.7
ZINC000000621893,-6.8
ZINC000000621893,-7.5
ZINC000000622123,-7.0
ZINC000000622123,-7.0
